-- MySQL dump 10.13  Distrib 8.0.16, for Win64 (x86_64)
--
-- Host: localhost    Database: ahnu_db
-- ------------------------------------------------------
-- Server version	8.0.16

/*!40101 SET @OLD_CHARACTER_SET_CLIENT=@@CHARACTER_SET_CLIENT */;
/*!40101 SET @OLD_CHARACTER_SET_RESULTS=@@CHARACTER_SET_RESULTS */;
/*!40101 SET @OLD_COLLATION_CONNECTION=@@COLLATION_CONNECTION */;
 SET NAMES utf8 ;
/*!40103 SET @OLD_TIME_ZONE=@@TIME_ZONE */;
/*!40103 SET TIME_ZONE='+00:00' */;
/*!40014 SET @OLD_UNIQUE_CHECKS=@@UNIQUE_CHECKS, UNIQUE_CHECKS=0 */;
/*!40014 SET @OLD_FOREIGN_KEY_CHECKS=@@FOREIGN_KEY_CHECKS, FOREIGN_KEY_CHECKS=0 */;
/*!40101 SET @OLD_SQL_MODE=@@SQL_MODE, SQL_MODE='NO_AUTO_VALUE_ON_ZERO' */;
/*!40111 SET @OLD_SQL_NOTES=@@SQL_NOTES, SQL_NOTES=0 */;

--
-- Table structure for table `ahnuapp_ruser`
--

DROP TABLE IF EXISTS `ahnuapp_ruser`;
/*!40101 SET @saved_cs_client     = @@character_set_client */;
 SET character_set_client = utf8mb4 ;
CREATE TABLE `ahnuapp_ruser` (
  `id` int(11) NOT NULL AUTO_INCREMENT,
  `password` varchar(128) NOT NULL,
  `last_login` datetime(6) DEFAULT NULL,
  `is_superuser` tinyint(1) NOT NULL,
  `username` varchar(150) NOT NULL,
  `first_name` varchar(30) NOT NULL,
  `last_name` varchar(150) NOT NULL,
  `email` varchar(254) NOT NULL,
  `is_staff` tinyint(1) NOT NULL,
  `is_active` tinyint(1) NOT NULL,
  `date_joined` datetime(6) NOT NULL,
  PRIMARY KEY (`id`),
  UNIQUE KEY `username` (`username`)
) ENGINE=InnoDB AUTO_INCREMENT=5 DEFAULT CHARSET=utf8;
/*!40101 SET character_set_client = @saved_cs_client */;

--
-- Dumping data for table `ahnuapp_ruser`
--

LOCK TABLES `ahnuapp_ruser` WRITE;
/*!40000 ALTER TABLE `ahnuapp_ruser` DISABLE KEYS */;
INSERT INTO `ahnuapp_ruser` VALUES (4,'pbkdf2_sha256$150000$Ex4w2WRxtqxQ$MBG/mzXl/B8/InG0jUb7vzV7qA6reSZM85JjOqg/Ouc=','2019-07-08 07:41:01.925247',0,'jixinxueyuan','','','1@1.com',0,1,'2019-07-01 01:26:44.917215');
/*!40000 ALTER TABLE `ahnuapp_ruser` ENABLE KEYS */;
UNLOCK TABLES;

--
-- Table structure for table `ahnuapp_ruser_groups`
--

DROP TABLE IF EXISTS `ahnuapp_ruser_groups`;
/*!40101 SET @saved_cs_client     = @@character_set_client */;
 SET character_set_client = utf8mb4 ;
CREATE TABLE `ahnuapp_ruser_groups` (
  `id` int(11) NOT NULL AUTO_INCREMENT,
  `ruser_id` int(11) NOT NULL,
  `group_id` int(11) NOT NULL,
  PRIMARY KEY (`id`),
  UNIQUE KEY `ahnuapp_ruser_groups_ruser_id_group_id_cadcf8f3_uniq` (`ruser_id`,`group_id`),
  KEY `ahnuapp_ruser_groups_group_id_a1d867cb_fk_auth_group_id` (`group_id`),
  CONSTRAINT `ahnuapp_ruser_groups_group_id_a1d867cb_fk_auth_group_id` FOREIGN KEY (`group_id`) REFERENCES `auth_group` (`id`),
  CONSTRAINT `ahnuapp_ruser_groups_ruser_id_7c4b3076_fk_ahnuapp_ruser_id` FOREIGN KEY (`ruser_id`) REFERENCES `ahnuapp_ruser` (`id`)
) ENGINE=InnoDB DEFAULT CHARSET=utf8;
/*!40101 SET character_set_client = @saved_cs_client */;

--
-- Dumping data for table `ahnuapp_ruser_groups`
--

LOCK TABLES `ahnuapp_ruser_groups` WRITE;
/*!40000 ALTER TABLE `ahnuapp_ruser_groups` DISABLE KEYS */;
/*!40000 ALTER TABLE `ahnuapp_ruser_groups` ENABLE KEYS */;
UNLOCK TABLES;

--
-- Table structure for table `ahnuapp_ruser_user_permissions`
--

DROP TABLE IF EXISTS `ahnuapp_ruser_user_permissions`;
/*!40101 SET @saved_cs_client     = @@character_set_client */;
 SET character_set_client = utf8mb4 ;
CREATE TABLE `ahnuapp_ruser_user_permissions` (
  `id` int(11) NOT NULL AUTO_INCREMENT,
  `ruser_id` int(11) NOT NULL,
  `permission_id` int(11) NOT NULL,
  PRIMARY KEY (`id`),
  UNIQUE KEY `ahnuapp_ruser_user_permi_ruser_id_permission_id_befd4b10_uniq` (`ruser_id`,`permission_id`),
  KEY `ahnuapp_ruser_user_p_permission_id_b38d3fef_fk_auth_perm` (`permission_id`),
  CONSTRAINT `ahnuapp_ruser_user_p_permission_id_b38d3fef_fk_auth_perm` FOREIGN KEY (`permission_id`) REFERENCES `auth_permission` (`id`),
  CONSTRAINT `ahnuapp_ruser_user_p_ruser_id_70146bff_fk_ahnuapp_r` FOREIGN KEY (`ruser_id`) REFERENCES `ahnuapp_ruser` (`id`)
) ENGINE=InnoDB DEFAULT CHARSET=utf8;
/*!40101 SET character_set_client = @saved_cs_client */;

--
-- Dumping data for table `ahnuapp_ruser_user_permissions`
--

LOCK TABLES `ahnuapp_ruser_user_permissions` WRITE;
/*!40000 ALTER TABLE `ahnuapp_ruser_user_permissions` DISABLE KEYS */;
/*!40000 ALTER TABLE `ahnuapp_ruser_user_permissions` ENABLE KEYS */;
UNLOCK TABLES;

--
-- Table structure for table `ahnuapp_teacher`
--

DROP TABLE IF EXISTS `ahnuapp_teacher`;
/*!40101 SET @saved_cs_client     = @@character_set_client */;
 SET character_set_client = utf8mb4 ;
CREATE TABLE `ahnuapp_teacher` (
  `id` int(11) NOT NULL AUTO_INCREMENT,
  `name` varchar(10) NOT NULL,
  `title` varchar(1000) NOT NULL,
  `publish` varchar(100) NOT NULL,
  `year` varchar(100) NOT NULL,
  `url_link` varchar(10000) NOT NULL,
  PRIMARY KEY (`id`)
) ENGINE=InnoDB AUTO_INCREMENT=2074 DEFAULT CHARSET=utf8;
/*!40101 SET character_set_client = @saved_cs_client */;

--
-- Dumping data for table `ahnuapp_teacher`
--

LOCK TABLES `ahnuapp_teacher` WRITE;
/*!40000 ALTER TABLE `ahnuapp_teacher` DISABLE KEYS */;
INSERT INTO `ahnuapp_teacher` VALUES (1304,'罗永龙','基于异或运算的低成本RFID双向认证协议','计算机工程','2012','http://www.cnki.com.cn/Article/CJFDTotal-JSJC201209084.htm'),(1305,'罗永龙','创新应用型计算机科学与技术本科专业人才培养的探索与实践','大学教育','2017','http://d.wanfangdata.com.cn/Periodical/dxjy201703058'),(1306,'罗永龙','P2P环境下基于模糊理论的Dirichlet信任评估模型','计算机工程与应用','2017','http://d.wanfangdata.com.cn/Periodical/jsjgcyyy201701024'),(1307,'罗永龙','云计算环境下基于行为预测的博弈信任模型','小型微型计算机系统','2015','http://www.cnki.com.cn/Article/CJFDTotal-XXWX201510032.htm'),(1308,'罗永龙','基于ArcIMS的数字校园信息系统设计及实现','计算机技术与发展','2008','http://d.wanfangdata.com.cn/Periodical/wjfz200807043'),(1309,'罗永龙','保护私有信息的两多边形相交面积计算','计算机工程与应用','2014','http://www.cqvip.com/QK/91690X/201409/49662555.html'),(1310,'罗永龙','基于电子商务的网络会计研究','中国软科学','2003','http://d.wanfangdata.com.cn/Periodical/zgrkx200304018'),(1311,'罗永龙','平衡计分卡——新时代的评估和管理系统','财经科学','2003','http://www.cqvip.com/Main/Detail.aspx?id=1000385547'),(1312,'罗永龙','CBMS的性能及设计与开发','《安庆师范学院学报（自科版）》','2000','http://www.cnki.com.cn/Article/CJFDTotal-AQSX200001015.htm'),(1313,'罗永龙','一个保护私有信息的布尔关联规则挖掘算法','电子学报','2005','http://www.cnki.com.cn/Article/CJFDTotal-DZXU200505027.htm'),(1314,'罗永龙','一个保护私有信息的多边形相交判定协议','电子学报','2007','http://www.cqvip.com/Main/Detail.aspx?id=24445667'),(1315,'罗永龙','Windows内核数据的自适应快速传输算法研究','计算机与信息技术','2008','http://www.cnki.com.cn/Article/CJFDTotal-JISJ200808013.htm'),(1316,'罗永龙','多道程序系统中分区式存储管理过程的模拟','皖西学院学报','1999','http://www.cqvip.com/Main/Detail.aspx?id=5637500'),(1317,'罗永龙','无条件安全的量子茫然传送','电子学报','2007','http://d.wanfangdata.com.cn/Periodical/dianzixb200708024'),(1318,'罗永龙','关于整系数多项式有理根求法的注记','数学的实践与认识','2003','http://d.wanfangdata.com.cn/Periodical/sxdsjyrs200303021'),(1319,'罗永龙','多道程序系统中进程管理过程的模拟','《合肥学院学报：自然科学版》','1999','http://www.cnki.com.cn/Article/CJFD1999-HFXZ199904001.htm'),(1320,'罗永龙','一个基于分治法的快速多精度乘法','吉林化工学院学报','2003','http://d.wanfangdata.com.cn/Periodical/jlhgxyxb200302026'),(1321,'罗永龙','一个快速的RSA方幂模算法','小型微型计算机系统','2004','http://www.cnki.com.cn/Article/CJFDTotal-XXWX200401017.htm'),(1322,'罗永龙','SHITS:一种基于超链接和内容的网页排序方法','小型微型计算机系统','2006','http://d.wanfangdata.com.cn/Periodical/xxwxjsjxt200612001'),(1323,'罗永龙','长三角地区农田肥料总氮地表流失率和流失负荷估算','环境科学学报','2014','http://d.wanfangdata.com.cn/Periodical/hjkxxb201406031'),(1324,'罗永龙','一种基于反馈的信任生成算法','计算机技术与发展','2010','http://www.cqvip.com/QK/97969A/201012/36159451.html'),(1325,'罗永龙','面向主题的互联网信息智能获取与处理工具','安徽师范大学学报（自然科学版）','2004','http://d.wanfangdata.com.cn/Periodical/ahsfdx200404005'),(1326,'罗永龙','翻转课堂在数据结构教学中的应用研究','计算机教育','2015','http://d.wanfangdata.com.cn/Periodical_jsjjy201524018.aspx'),(1327,'罗永龙','AES算法中的多项式模运算及其性能分析','计算机技术与发展','2010','http://www.cnki.com.cn/Article/CJFDTotal-WJFZ201009029.htm'),(1328,'罗永龙','关于安全判定点和区间包含关系的解决方法','计算机工程与应用','2010','http://www.cnki.com.cn/Article/CJFDTotal-JSGG201017032.htm'),(1329,'罗永龙','四维一体计算机硬件实验教学改革与实践','计算机教育','2013','http://d.wanfangdata.com.cn/Periodical/jsjjy201303014'),(1330,'罗永龙','面向个性化云服务基于用户类型和隐私保护的信任模型','计算机应用','2014','http://d.wanfangdata.com.cn/Periodical/jsjyy201404016'),(1331,'罗永龙','创新能力驱动的层次化计算机硬件课程群构建与实施','大学教育','2013','http://www.cnki.com.cn/Article/CJFDTotal-DXJY201304016.htm'),(1332,'罗永龙','一种基于信任的协同过滤推荐模型','计算机工程与应用','2016','http://www.cqvip.com/QK/91690X/201605/668074865.html'),(1333,'罗永龙','随机化算法及其在最小外接圆求解中的应用','计算机技术与发展','2009','http://d.wanfangdata.com.cn/Periodical/wjfz200908022'),(1334,'罗永龙','面向个性化云服务的动态信任模型','计算机工程','2014','http://d.wanfangdata.com.cn/Periodical/jsjgc201404006'),(1335,'罗永龙','基于非敏感信息分析的轨迹数据隐私保护发布','计算机应用','2017','http://d.wanfangdata.com.cn/Periodical_jsjyy201702033.aspx'),(1336,'罗永龙','一种容错的传感器网络数据融合隐私保护算法','计算机应用研究','2014','http://www.cnki.com.cn/Article/CJFDTotal-JSYJ201405054.htm'),(1337,'罗永龙','求解多目标PFSP的改进遗传算法','计算机工程与应用','2015','http://www.cqvip.com/QK/91690X/201511/665331118.html'),(1338,'罗永龙','基于逆向游走的PageRank社交网络影响力度量算法','计算机工程与科学','2015','http://www.cnki.com.cn/Article/CJFDTotal-JSJK201511021.htm'),(1339,'罗永龙','多边形相似判定中的私有信息保护','小型微型计算机系统','2012','http://d.wanfangdata.com.cn/Periodical/xxwxjsjxt201202040'),(1340,'罗永龙','不同坐标系下点圆关系的安全判定协议','计算机工程','2012','http://d.wanfangdata.com.cn/Periodical/jsjgc201201030'),(1341,'罗永龙','支持局部抑制和序列重构的轨迹隐私保护方法','小型微型计算机系统','2017','http://d.wanfangdata.com.cn/Periodical/xxwxjsjxt201703011'),(1342,'罗永龙','一种保护标价的多属性反向拍卖模型','计算机技术与发展','2012','http://www.cqvip.com/QK/97969A/201206/42130319.html'),(1343,'罗永龙','基于NES的大学计算机基础教学研究探讨','电脑知识与技术','2017','http://d.wanfangdata.com.cn/Periodical/dnzsyjs-itrzyksb201720065'),(1344,'罗永龙','“算法设计与分析”中经典算法动态演示软件的设计与实现','电脑知识与技术','2016','http://d.wanfangdata.com.cn/Periodical/dnzsyjs-itrzyksb201620035'),(1345,'罗永龙','P2P安全防护机制研究与分析','信息网络安全','2013','http://d.wanfangdata.com.cn/Periodical/xxwlaq201312004'),(1346,'罗永龙','一种基于声誉的评分累积信任模型','计算机工程与应用','2012','http://www.cqvip.com/QK/91690X/201227/43276694.html'),(1347,'罗永龙','VerilogHDL与计算机硬件课程融合探析','电脑知识与技术','2012','http://www.cqvip.com/QK/87339A/201203/42092012.html'),(1348,'罗永龙','基于安全多方求和的多候选人电子选举方案','计算机研究与发展','2006','http://d.wanfangdata.com.cn/Periodical/jsjyjyfz200608015'),(1349,'罗永龙','安全多方的统计分析问题及其应用','计算机工程与应用','2005','http://www.cnki.com.cn/Article/CJFDTotal-JSGG200524044.htm'),(1350,'罗永龙','求解流水车间调度问题的混合粒子群算法','计算机工程与应用','2012','http://www.cqvip.com/QK/91690X/201209/41248213.html'),(1351,'罗永龙','P2P网络中基于权重的动态信任模型','计算机应用研究','2011','http://d.wanfangdata.com.cn/Periodical/jsjyyyj201101085'),(1352,'罗永龙','AES算法中基于流水线的可逆S盒设计与实现','小型微型计算机系统','2012','http://www.cnki.com.cn/Article/CJFDTotal-XXWX201203024.htm'),(1353,'罗永龙','基于在线评测的数据结构实践教学探讨','计算机教育','2010','http://www.cnki.com.cn/Article/CJFDTotal-JYJS201010028.htm'),(1354,'罗永龙','基于边分割的社交网络敏感边保护技术','计算机应用','2016','http://www.cqvip.com/QK/94832X/201601/667691842.html'),(1355,'罗永龙','AES算法中模逆运算电路设计与实现','小型微型计算机系统','2011','http://www.cqvip.com/QK/95659X/201106/37936628.html'),(1356,'罗永龙','隐私保护的不同坐标系两点距离计算','计算机科学','2011','http://www.cnki.com.cn/Article/CJFDTotal-JSJA201108015.htm'),(1357,'罗永龙','一种高可靠的无线射频识别群组标签认证协议','计算机工程','2013','http://www.cqvip.com/QK/95200X/201302/44871002.html'),(1358,'罗永龙','一种具有检测机制的P2P网络动态信任模型','计算机工程与应用','2016','http://www.cnki.com.cn/Article/CJFDTotal-JSGG201602027.htm'),(1359,'罗永龙','传感器网络中基于路线的隐私保护数据聚集算法','电子学报','2017','http://d.wanfangdata.com.cn/Periodical/dianzixb201706008'),(1360,'罗永龙','一种新型的基于BC图的网络安全算法','微计算机信息','2010','http://d.wanfangdata.com.cn/Periodical/wjsjxx201024028'),(1361,'罗永龙','一种保护私有信息的空间离群点检测方法','计算机工程','2017','http://www.cqvip.com/QK/95200X/201703/671558402.html'),(1362,'罗永龙','C语言指针教学探究','福建电脑','2013','http://www.cnki.com.cn/Article/CJFDTotal-FJDN201301028.htm'),(1363,'罗永龙','一种有限域快速低功耗模乘电路设计与实现','计算机时代','2012','http://www.cnki.com.cn/Article/CJFDTotal-JSJS201204007.htm'),(1364,'罗永龙','多节点动态复制结构的容灾系统的研究与实现','计算机时代','2008','http://d.wanfangdata.com.cn/Periodical/jsjsd200811006'),(1365,'罗永龙','空间几何对象相对位置判定中的私有信息保护','计算机研究与发展','2006','http://www.cnki.com.cn/Article/CJFDTotal-JFYZ200603005.htm'),(1366,'罗永龙','基于加权Voronoi图的安徽省城市影响范围及经济区域划分','安徽师范大学学报（自然科学版）','2007','http://www.cqvip.com/Main/Detail.aspx?id=25726059'),(1367,'罗永龙','散列表中双重hash函数的设计与分析','计算机工程与应用','2002','http://d.wanfangdata.com.cn/Periodical/jsjgcyyy200212022'),(1368,'罗永龙','一个实用的电子评审方案','小型微型计算机系统','2007','http://www.cqvip.com/QK/95659X/20071/23673024.html'),(1369,'罗永龙','Delaunay三角网中任意约束线段嵌入算法研究','测绘科学','2013','http://www.cnki.com.cn/Article/CJFDTotal-CHKD201304021.htm'),(1370,'罗永龙','Graham算法求解凸包问题中的隐私保护','计算机工程与应用','2008','http://www.cnki.com.cn/Article/CJFDTotal-JSGG200836037.htm'),(1371,'罗永龙','安全查询方案的设计与实现','计算机工程','2006','http://d.wanfangdata.com.cn/Periodical/jsjgc200622052'),(1372,'罗永龙','多元线形回归分析中的隐私保护问题','计算机工程与应用','2005','http://www.cqvip.com/Main/Detail.aspx?id=20650703'),(1373,'罗永龙','基于轨迹形状多样性的隐私保护算法','计算机应用','2016','http://www.cnki.com.cn/Article/CJFDTotal-JSJY201606015.htm'),(1374,'罗永龙','面向隐私保护的无线传感器网络细粒度访问控制协议','计算机应用','2014','http://www.cnki.com.cn/Article/CJFDTotal-JSJY201402037.htm'),(1375,'罗永龙','一个点与矩形区域包含关系的安全判定协议','计算机技术与发展','2009','http://www.cqvip.com/Main/Detail.aspx?id=31321041'),(1376,'罗永龙','基于KD树最优投影划分的k匿名算法','南京大学学报（自然科学）','2016','http://d.wanfangdata.com.cn/Periodical/njdxxb201606008'),(1377,'罗永龙','安全电子选举研究','安徽大学学报(自然科学版)','2007','http://www.cqvip.com/Main/Detail.aspx?id=24710556'),(1378,'罗永龙','保护私有信息的符号距离判定协议','计算机工程与应用','2009','http://www.cqvip.com/Main/Detail.aspx?id=32208159'),(1379,'罗永龙','一个安全两方共享秘密的乘法协议','小型微型计算机系统','2009','http://d.wanfangdata.com.cn/Periodical/xxwxjsjxt200903009'),(1380,'罗永龙','针对t-可诊断多处理器系统的遗传诊断算法','计算机工程','2011','http://d.wanfangdata.com.cn/Periodical/jsjgc201111070'),(1381,'罗永龙','双重hash函数的构造及查找性能分析','《安徽师范大学学报(自然科学版)》','2003','http://www.cqvip.com/Main/Detail.aspx?id=7540826'),(1382,'罗永龙','融合信道分配的无线Mesh网络多目标网关部署','计算机研究与发展','2015','http://d.wanfangdata.com.cn/Periodical/jsjyjyfz201508016'),(1383,'罗永龙','保护私有信息的范围搜索算法','小型微型计算机系统','2009','http://d.wanfangdata.com.cn/Periodical/xxwxjsjxt200910012'),(1384,'罗永龙','结合频谱扩散的指纹图像滤波增强','中国图象图形学报','2014','http://d.wanfangdata.com.cn/Periodical/zgtxtxxb-a201407005'),(1385,'罗永龙','一种加强安全性的无线传感器路由协议','计算机工程','2008','http://d.wanfangdata.com.cn/Periodical_jsjgc200808033.aspx'),(1386,'罗永龙','保护私有信息的叉积协议及其应用','计算机学报','2007','http://d.wanfangdata.com.cn/Periodical/jsjxb200702011'),(1387,'罗永龙','不均匀模糊空间对象的分层次co-location模式挖掘方法','计算机应用','2016','http://www.cqvip.com/QK/94832X/201611/670461019.html'),(1388,'罗永龙','基于可信计算的P2P信任模型','信息网络安全','2009','http://www.cqvip.com/Main/Detail.aspx?id=30970979'),(1389,'罗永龙','基于GIS空间关联规则的挖掘综述','资源开发与市场','2007','http://www.cnki.com.cn/Article/CJFDTotal-ZTKB200704010.htm'),(1390,'罗永龙','基于自相关的我国农民人均纯收入的空间关联规则挖掘','国土资源信息化','2008','http://d.wanfangdata.com.cn/Periodical/gtzyxxh200802008'),(1410,'许勇','矢量基二维DCT修剪在DSP上的内存存取减少方法','电子学报','2019','http://www.cnki.com.cn/Article/CJFDTotal-DZXU201903034.htm'),(1411,'许勇','一种LEPS路由协议的分析与改进','计算机技术与发展','2009','http://www.cnki.com.cn/Article/CJFDTotal-WJFZ200912058.htm'),(1412,'许勇','插值多项式的构造与类范德蒙行列式的计算','安徽师范大学学报（自然科学版）','2016','http://d.wanfangdata.com.cn/Periodical/ahsfdx201606003'),(1413,'许勇','简易性在计算方法设计中的应用研究','安徽师范大学学报(自然科学版)','2008','http://d.wanfangdata.com.cn/Periodical_ahsfdx200805002.aspx'),(1414,'许勇','一种ZigBee路由算法的分析与改进','计算机技术与发展','2009','http://www.cqvip.com/Main/Detail.aspx?id=32303775'),(1415,'许勇','IP多播技术在远程监控系统中的应用','计算机技术与发展','2013','http://d.wanfangdata.com.cn/Periodical/wjfz201309044'),(1416,'许勇','一种用于源位置保护的幻影路由设计','计算机工程与应用','2018','http://www.cnki.com.cn/Article/CJFDTotal-JSGG20180228006.htm'),(1417,'许勇','新形势下高校计算机公共课教学改革的思考','电脑知识与技术','2010','http://www.cqvip.com/Main/Detail.aspx?id=35458408'),(1418,'许勇','基于成员行为的超球形批量密钥更新方法','计算机技术与发展','2015','http://www.cqvip.com/QK/97969X/201503/664074695.html'),(1419,'许勇','安全多播批量密钥更新中优化树的研究','计算机工程与应用','2007','http://www.cqvip.com/Main/Detail.aspx?id=25148130'),(1420,'许勇','多播通信中批量密钥更新策略的研究','计算机工程与应用','2011','http://d.wanfangdata.com.cn/Periodical/jsjgcyyy201131028'),(1421,'许勇','基于PIM—DM批量密钥更新仿真研究','计算机技术与发展','2007','http://d.wanfangdata.com.cn/Periodical/wjfz200709048'),(1422,'许勇','高师院校非师范计算机专业人才培养新途径','计算机教育','2010','http://www.cqvip.com/QK/87565X/201008/33806299.html'),(1423,'许勇','一类SIR计算机病毒模型的空间传播机制','安徽师范大学学报(自然科学版)','2017','http://www.cqvip.com/QK/96544X/201703/672660978.html'),(1424,'许勇','一种基于减少内存访问的Pruning Fast DCT算法改进','科技信息','2011','http://www.cqvip.com/QK/71135X/201107/38026415.html'),(1425,'许勇','基于指纹模式匹配的无线传感器网络密钥预分配方案','计算机工程','2015','http://www.cqvip.com/QK/95200X/201503/664038298.html'),(1426,'许勇','非计算机专业计算机基础教育改革方案','计算机教育','2011','http://www.cqvip.com/QK/87565X/201101/36524836.html'),(1427,'许勇','基于LKH的分层式多播密钥更新机制的优化方案','计算机安全','2013','http://www.cnki.com.cn/Article/CJFDTotal-DZJC201305003.htm'),(1428,'许勇','批量密钥更新中密钥树的概率组织方法研究','计算机技术与发展','2007','http://www.cnki.com.cn/Article/CJFDTotal-WJFZ200712039.htm'),(1429,'许勇','EMOP2PVC:面向P2P网络的虚拟社区演化模型','计算机工程与应用','2011','http://www.cqvip.com/qk/91690x/201128/39512044.html'),(1430,'许勇','机器学习在GDP预测分析中的应用研究','计算机技术与发展','2009','http://www.cnki.com.cn/Article/CJFDTotal-WJFZ200902066.htm'),(1431,'许勇','安全多播密钥更新机制优化方案','计算机工程与应用','2011','http://d.wanfangdata.com.cn/Periodical/jsjgcyyy201134026'),(1432,'许勇','多sink环境下WSN中的能量空洞避免','计算机工程与设计','2017','http://www.cnki.com.cn/Article/CJFDTotal-SJSJ201703006.htm'),(1433,'许勇','基于非均匀分簇的HWSN密钥预分配方案的研究','计算机技术与发展','2016','http://d.wanfangdata.com.cn/Periodical/wjfz201602019'),(1434,'许勇','从全国计算机等级考试看程序设计能力的培养','计算机教育','2009','http://d.wanfangdata.com.cn/Periodical/jsjjy200918041'),(1435,'许勇','基于超球形的多播密钥更新方法','安徽工程大学学报','2007','http://d.wanfangdata.com.cn/Periodical/ahjdxyxb200703013'),(1436,'许勇','从教学模式视角谈网络在远程教育中的应用','广东广播电视大学学报','2008','http://d.wanfangdata.com.cn/Periodical/gdgbdsdxxb200801007'),(1437,'许勇','基于随机角度的增强型源位置隐私保护协议','计算机工程与应用','2016','http://d.wanfangdata.com.cn/Periodical/jsjgcyyy201615025'),(1438,'许勇','格式塔理论在网络课程界面设计中的应用','《中小学电教：上》','2009','http://d.wanfangdata.com.cn/Periodical/dncb200906033'),(1439,'许勇','基于像素点的碎片图像拼接技术','计算机应用','2014','http://www.cnki.com.cn/Article/CJFDTotal-JSJY2014S2075.htm'),(1440,'许勇','一种新的无线网络组播密钥管理方案','计算机安全','2014','http://d.wanfangdata.com.cn/Periodical/dzzwyjc201404015'),(1441,'许勇','基于PIM-DM实时密钥的更新仿真','计算机工程','2007','http://d.wanfangdata.com.cn/Periodical_jsjgc200723061.aspx'),(1442,'许勇','网页的视觉形态设计','出版与印刷','2009','http://www.cqvip.com/Main/Detail.aspx?id=32856914'),(1443,'许勇','箭状矩阵的一种广义特征值反问题','合肥工业大学学报(自然科学版)','2009','http://www.cnki.com.cn/Article/CJFDTotal-HEFE200908041.htm'),(1444,'许勇','Bessel函数近似解法比较','合肥工业大学学报(自然科学版)','2008','http://d.wanfangdata.com.cn/Periodical/hfgydxxb200805042'),(1445,'许勇','快速DCT修剪在DSP上的内存访问优化方法','电子学报','2016','http://d.wanfangdata.com.cn/Periodical/dianzixb201601034'),(1446,'许勇','一种求非负不可约三对角矩阵最大特征值的方法','大学数学','2008','http://www.cnki.com.cn/Article/CJFDTotal-GKSX200803011.htm'),(1447,'许勇','主体于网络世界中行为失范分析','《河北理工大学学报：社会科学版》','2009','http://www.cqvip.com/Main/Detail.aspx?id=29720626'),(1448,'许勇','从学习环境看电大学习者的自主学习','中小学电教','2011','http://www.cnki.com.cn/Article/CJFDTotal-ZXDJ2011Z2016.htm'),(1449,'许勇','中国传统教育文化对现代远程教育的影响','《重庆科技学院学报(社会科学版)》','2008','http://www.cnki.com.cn/Article/CJFDTotal-CQGY200808098.htm'),(1450,'许勇','网络教育下自主学习模式探究','新疆广播电视大学学报','2008','http://d.wanfangdata.com.cn/Periodical/xjgbdsdxxb200801017'),(1451,'许勇','安徽省高等院校网络教学平台的现状及发展对策','安徽广播电视大学学报','2009','http://d.wanfangdata.com.cn/Periodical_ahgbdsdxxb200901015.aspx'),(1452,'许勇','一种基于Petri网的全局可控网络的构建方案','软件导刊','2012','http://d.wanfangdata.com.cn/Periodical/rjdk201201049'),(1453,'许勇','XENIX系统脱机打印机的安装及其打印输出控制','安徽师范大学学报(自然科学版)','1993','http://www.cnki.com.cn/Article/CJFDTotal-AHSZ199302004.htm'),(1454,'王杨','基于贝叶斯概率树的机会社会网络转发节点选择方法','安徽师范大学学报(自然科学版)','2018','http://www.cnki.com.cn/Article/CJFDTotal-AHSZ201802007.htm'),(1455,'王杨','基于灰色预测的微博网络信息传播模型','安徽师范大学学报(自然科学版)','2014','http://www.cnki.com.cn/Article/CJFDTotal-AHSZ201402006.htm'),(1456,'王杨','基于贝叶斯决策的网格社区案卷分发模型','山东大学学报(理学版)','2018','http://www.ixueshu.com/api/search/info/18debfaea2340c5d2ad70935b9aaa728318947a18e7f9386.html'),(1457,'王杨','物联网实验教学仪器和设备产业发展研究','中国教育技术装备','2015','http://d.wanfangdata.com.cn/Periodical/zgjyjszb201510001'),(1458,'王杨','基于可信理论的Web教育门户网站可用性评估模型','微电子学与计算机','2013','http://d.wanfangdata.com.cn/Periodical/wdzxyjsj201303022'),(1459,'王杨','基于多媒体教育资源融合的高校信息化教学模式研究','大学教育','2015','http://d.wanfangdata.com.cn/Periodical/dxjy201503022'),(1460,'王杨','基于两层社区混合计算的个性化推荐方法','计算机科学','2016','http://d.wanfangdata.com.cn/Periodical/jsjkx2016z1104'),(1461,'王杨','数字校园中教学资源的架构、规划与设计','电脑知识与技术','2013','http://www.cqvip.com/QK/87339A/201301/44921574.html'),(1462,'王杨','新世纪中国诗歌研究三题','安徽师范大学学报(人文社会科学版)','2001','http://www.cnki.com.cn/Article/CJFDTotal-AHSD200103001.htm'),(1463,'王杨','基于县域主导产业园的科技镇长团长效机制研究','大学教育','2016','http://d.wanfangdata.com.cn/Periodical/dxjy201603072'),(1464,'王杨','科技镇长团视域下的基层党组织创新工作机制研究','大学教育','2015','http://www.cnki.com.cn/Article/CJFDTotal-DXJY201509034.htm'),(1465,'王杨','Samba服务器的管理体系与安全策略研究','控制工程','2005','http://www.cqvip.com/Main/Detail.aspx?id=12222997'),(1466,'王杨','基于Webmin的Samba服务器设计与实现','控制工程','2004','http://d.wanfangdata.com.cn/Periodical/jczdh200405021'),(1467,'王杨','面向人才培养的高校教工党支部工作创新模式研究','大学教育','2017','http://www.cnki.com.cn/Article/CJFDTotal-DXJY201708058.htm'),(1468,'王杨','EMOP2PVC:面向P2P网络的虚拟社区演化模型','计算机工程与应用','2011','http://d.wanfangdata.com.cn/Periodical/jsjgcyyy201128025'),(1469,'王杨','应用Max-Min策略的物联网社区构建方法','计算机工程与应用','2012','http://www.cnki.com.cn/Article/CJFDTotal-JSGG201216055.htm'),(1470,'王杨','基于语义主题相似度的Web教育资源查询方法','计算机技术与发展','2014','http://d.wanfangdata.com.cn/Periodical/wjfz201402026'),(1471,'王杨','应用模逆运算的移动互联网可信终端设计方法','计算机技术与发展','2012','http://www.cqvip.com/QK/97969A/201211/43772968.html'),(1472,'王杨','物联网专业网络课程实验教学研究与实践','杭州电子科技大学学报','2015','http://www.cnki.com.cn/Article/CJFDTotal-HXDY201502021.htm'),(1473,'王杨','安徽农业物联网发展现状·问题及对策','安徽农业科学','2015','http://d.wanfangdata.com.cn/Periodical/ahnykx201505118'),(1474,'王杨','基于用户行为特征的云计算资源可用性动态评价模型','计算机科学','2016','http://www.cqvip.com/QK/92817X/2016S1/6748374652016S1075.html'),(1475,'王杨','物联网专业实践课程建设探讨','电脑知识与技术','2012','http://d.wanfangdata.com.cn/Periodical_dnzsyjs-itrzyksb201212093.aspx'),(1476,'王杨','面向服务的计算学科教育新模式','计算机教育','2012','http://www.cqvip.com/QK/87565X/201204/41207703.html'),(1477,'王杨','基于模糊集和RSS的Web教育资源Rank算法','计算机技术与发展','2013','http://www.cnki.com.cn/Article/CJFDTotal-WJFZ201302033.htm'),(1478,'王杨','大数据环境下基于贝叶斯推理的中文地名地址匹配方法','计算机科学','2017','http://www.cqvip.com/QK/92817X/201709/673084495.html'),(1479,'王杨','基于博弈论的物联网语义社区演化模型','计算机工程与科学','2012','http://d.wanfangdata.com.cn/Periodical/jsjgcykx201209023'),(1480,'王杨','高师院校非师范计算机专业人才培养新途径','计算机教育','2010','http://www.cnki.com.cn/Article/CJFDTotal-JYJS201008004.htm'),(1481,'王杨','基于Agent群体对抗的移动传感网动态频谱分配策略','小型微型计算机系统','2015','http://www.cnki.com.cn/Article/CJFDTotal-XXWX201505003.htm'),(1482,'王杨','基于Multi-agent理论的社会网络文体分类方法','计算机系统应用','2014','http://www.cnki.com.cn/Article/CJFDTotal-XTYY201411021.htm'),(1483,'王杨','基于博弈论的网络社区舆情传播模型','计算机应用研究','2013','http://www.cqvip.com/QK/93231X/201308/46720238.html'),(1484,'王杨','面向高师院校物联网工程专业的实验教学策略研究','大学教育','2014','http://www.cqvip.com/qk/71597x/201414/662031565.html'),(1485,'王杨','基于移动agent的云计算身份认证机制研究','计算机应用研究','2012','http://www.cnki.com.cn/Article/CJFDTotal-JSYJ201210054.htm'),(1486,'王杨','基于灰色神经网络的Web社区主题舆情传播模型','计算机系统应用','2013','http://d.wanfangdata.com.cn/Periodical/jsjxtyy201311023'),(1487,'王杨','基于Agent的Web教育资源预选择分层模型','计算机工程','2013','http://www.cqvip.com/QK/95200X/201309/47142856.html'),(1488,'王杨','基于博弈论的容迟网络中布雷斯路由悖论研究','计算机技术与发展','2018','http://www.cnki.com.cn/Article/CJFDTotal-WJFZ2018052400V.htm'),(1489,'张佩云','最佳区域匹配在彩色图像检索中的应用','安徽农业大学学报','2009','http://d.wanfangdata.com.cn/Periodical/ahnydxxb200903037'),(1490,'张佩云','高校教师教学电子档案网络系统设计与实现','计算机技术与发展','2009','http://www.cqvip.com/Main/Detail.aspx?id=31629341'),(1491,'张佩云','基于社会网络动态反馈的Web服务信任度计算','模式识别与人工智能','2013','http://www.cqvip.com/QK/93758X/20134/45653025.html'),(1492,'张佩云','基于元数据与领域概念树的文本相似度计算','系统工程与电子技术','2014','http://d.wanfangdata.com.cn/Periodical/xtgcydzjs201403028'),(1493,'张佩云','一种基于社会网络信任关系的服务推荐方法','小型微型计算机系统','2014','http://www.cqvip.com/QK/95659X/201402/48390461.html'),(1494,'张佩云','旅游景区游客拥堵疏散路径规划仿真','计算机仿真','2018','http://www.wanfangdata.com.cn/details/detail.do?_type=perio&amp;id=jsjfz201804016'),(1495,'张佩云','基于语义的Web服务组合研究','南京理工大学','2008','http://cdmd.cnki.com.cn/Article/CDMD-10288-2008158626.htm'),(1496,'张佩云','基于Web Services的电子商务模型分析','微机发展','2005','http://www.cnki.com.cn/Article/CJFDTotal-WJFZ200503022.htm'),(1497,'张佩云','基于策略与模型的企业知识管理研究','技术经济','2007','http://www.cqvip.com/QK/71135X/201107/24645516.html'),(1498,'张佩云','基于社会网络面向个性化需求的可信服务推荐','通信学报','2013','http://www.cqvip.com/QK/95624X/201312/48169309.html'),(1499,'张佩云','一种基于语义匹配的Web服务混合选择机制','南京理工大学学报(自然科学版)','2007','http://www.cqvip.com/Main/Detail.aspx?id=26151472'),(1500,'张佩云','RDF标准与主题图标准之比较分析','微机发展','2005','http://d.wanfangdata.com.cn/Periodical_wjfz200505030.aspx'),(1501,'张佩云','主题地图标准及其应用研究','安徽大学学报(自然科学版)','2004','http://www.cqvip.com/Main/Detail.aspx?id=9687663'),(1502,'张佩云','基于多策略的异构数据库知识获取分析与实现','计算机应用研究','2007','http://d.wanfangdata.com.cn/Periodical_jsjyyyj200705062.aspx'),(1503,'张佩云','一种基于社会网络的可信服务最大覆盖方法','计算机工程与科学','2013','http://www.cqvip.com/QK/94293X/201310/47451719.html'),(1504,'张佩云','基于流态随机Petri网的工业混合系统模型分析','系统仿真学报','2009','http://www.cqvip.com/Main/Detail.aspx?id=30215534'),(1505,'张佩云','基于概率转移矩阵的社会网络影响最大化算法','计算机工程','2013','http://d.wanfangdata.com.cn/Periodical/jsjgc201311009'),(1506,'张佩云','信息资源的组织与检索模式研究','计算机技术与发展','2006','http://www.cqvip.com/Main/Detail.aspx?id=21077874'),(1507,'张佩云','基于Web服务的虚拟企业信息集成研究','情报理论与实践','2007','http://d.wanfangdata.com.cn/Periodical/qbllysj200704026'),(1508,'张佩云','基于Petri网的柔性制造系统调度控制模型','计算机应用','2008','http://www.cnki.com.cn/Article/CJFDTotal-JSJY200809067.htm'),(1509,'张佩云','项目驱动的软件工程课程案例式分段情景教学研究','计算机教育','2013','http://www.cqvip.com/QK/87565X/201303/44781473.html'),(1510,'张佩云','一种云计算环境下的工作流双向调度方法','计算机科学','2015','http://www.cqvip.com/QK/92817X/2015B11/666696945.html'),(1511,'张佩云','学生情感分析在课程教学评价中的作用与实施探讨','电脑知识与技术','2019','http://www.cnki.com.cn/Article/CJFDTotal-DNZS201904077.htm'),(1512,'张佩云','云平台下基于半朴素贝叶斯的降雨量预测','系统仿真学报','2016','http://www.cnki.com.cn/Article/CJFDTotal-XTFZ201605016.htm'),(1513,'张佩云','农业信息资源共享与信息服务系统构建研究','计算机技术与发展','2013','http://www.cnki.com.cn/Article/CJFDTotal-WJFZ201311040.htm'),(1514,'张佩云','基于TMS的信息资源分类与检索方法研究','计算机应用与软件','2005','http://www.cnki.com.cn/Article/CJFDTotal-JYRJ200509011.htm'),(1515,'张佩云','基于PageRank的社交网络影响最大化传播模型与算法研究','计算机科学','2013','http://www.cqvip.com/QK/92817X/201306A/46183543.html'),(1516,'张佩云','动态Web服务组合研究','计算机科学','2007','http://www.cqvip.com/QK/71135X/201107/24412232.html'),(1517,'张佩云','基于Petri网的Web服务组合模型描述和验证','系统仿真学报','2007','http://www.cnki.com.cn/Article/CJFDTotal-XTFZ200712059.htm'),(1518,'张佩云','一种基于语义与QoS感知的Web服务匹配机制','计算机研究与发展','2010','http://www.cqvip.com/Main/Detail.aspx?id=33811489'),(1519,'张佩云','基于子树匹配的文本相似度算法','模式识别与人工智能','2014','http://d.wanfangdata.com.cn/Periodical/mssbyrgzn201403006'),(1520,'张佩云','面向服务组合的服务语义匹配机制','电子科技大学学报','2008','http://www.cnki.com.cn/Article/CJFDTotal-DKDX200806033.htm'),(1521,'张佩云','基于Topic Map的知识管理系统研究','计算机应用与软件','2006','http://www.cnki.com.cn/Article/CJFDTotal-JYRJ200606051.htm'),(1522,'张佩云','基于语义与模板的Web服务混合合成','南京理工大学学报(自然科学版)','2008','http://www.cnki.com.cn/Article/CJFDTotal-NJLG200804010.htm'),(1523,'郑孝遥','树索引数据差分隐私预算分配方法','计算机应用','2018','http://www.cnki.com.cn/Article/CJFDTotal-JSJY201807025.htm'),(1524,'郑孝遥','基于差分隐私保护的谱聚类算法','计算机应用','2018','http://www.cnki.com.cn/Article/CJFDTotal-JSJY201810030.htm'),(1525,'郑孝遥','入侵检测系统的可信性及其改进策略研究','计算机工程与设计','2007','http://d.wanfangdata.com.cn/Periodical/jsjgcysj200701016'),(1526,'郑孝遥','基于分布式Agent的入侵检测系统研究','计算机工程与设计','2005','http://www.cnki.com.cn/Article/CJFDTotal-SJSJ200505042.htm'),(1527,'郑孝遥','矢量基二维DCT修剪在DSP上的内存存取减少方法','电子学报','2019','http://www.cnki.com.cn/Article/CJFDTotal-DZXU201903034.htm'),(1528,'郑孝遥','计算机基础无纸化考试系统的设计与实现','计算机时代','2010','http://www.cnki.com.cn/Article/CJFDTotal-JSJS201007030.htm'),(1529,'郑孝遥','基于轨迹形状多样性的隐私保护算法','计算机应用','2016','http://d.wanfangdata.com.cn/Periodical/jsjyy201606014'),(1530,'郑孝遥','矢量基二维DCT在DSP上的内存存取减少方法','小型微型计算机系统','2019','http://www.cqvip.com/QK/95659X/20194/7001835158.html'),(1531,'郑孝遥','一种具有检测机制的P2P网络动态信任模型','计算机工程与应用','2016','http://www.cnki.com.cn/Article/CJFDTotal-JSGG201602027.htm'),(1532,'郑孝遥','基于地理社交网络的频繁位置隐私保护算法','计算机应用','2018','http://www.wanfangdata.com.cn/details/detail.do?_type=perio&amp;id=jsjyy201803014'),(1533,'郑孝遥','对等通信辅助下抗攻击的位置隐私保护方法','计算机工程与应用','2018','http://d.wanfangdata.com.cn/Periodical/pre_479851d9-0abd-44e8-9217-ba3da9168f54'),(1534,'郑孝遥','基于Geohash编码的位置隐私保护算法','计算机工程与应用','2019','http://www.cqvip.com/QK/91690X/20191/7001073198.html'),(1535,'郑孝遥','基于共享近邻相似度的密度峰聚类算法','计算机应用','2018','http://www.wanfangdata.com.cn/details/detail.do?_type=perio&amp;id=jsjyy201806012'),(1536,'郑孝遥','基于区域划分的轨迹隐私保护方法','计算机应用','2018','http://www.cnki.com.cn/Article/CJFDTotal-JSJY201811039.htm'),(1537,'郑孝遥','“互联网+”时代计算机学科大学生专业实践能力培养路径研究','软件工程','2017','http://www.cqvip.com/QK/96481X/201707/7000299034.html'),(1538,'郑孝遥','大学计算机基础实践教学探讨','电脑知识与技术','2010','http://www.cnki.com.cn/Article/CJFDTotal-DNZS201030066.htm'),(1539,'郑孝遥','一种保护私有信息的空间离群点检测方法','计算机工程','2017','http://www.cqvip.com/QK/95200X/201703/671558402.html'),(1540,'郑孝遥','基于不同坐标系的点球关系安全判定协议','计算机应用研究','2015','http://d.wanfangdata.com.cn/Periodical/jsjyyyj201507058'),(1541,'郑孝遥','基于边分割的社交网络敏感边保护技术','计算机应用','2016','http://www.cqvip.com/QK/94832X/201601/667691842.html'),(1542,'郑孝遥','基于逆向游走的PageRank社交网络影响力度量算法','计算机工程与科学','2015','http://www.cnki.com.cn/Article/CJFDTotal-JSJK201511021.htm'),(1543,'郑孝遥','一种基于信任的协同过滤推荐模型','计算机工程与应用','2016','http://www.cqvip.com/QK/91690X/201605/668074865.html'),(1544,'郑孝遥','基于NES的大学计算机基础教学研究探讨','电脑知识与技术','2017','http://d.wanfangdata.com.cn/Periodical/dnzsyjs-itrzyksb201720065'),(1545,'程桂花','AES算法中的多项式模运算及其性能分析','计算机技术与发展','2010','http://d.wanfangdata.com.cn/Periodical_wjfz201009028.aspx'),(1546,'程桂花','创新能力驱动的层次化计算机硬件课程群构建与实施','大学教育','2013','http://www.cqvip.com/QK/71597X/201304/45508477.html'),(1547,'程桂花','VerilogHDL与计算机硬件课程融合探析','电脑知识与技术','2012','http://www.cnki.com.cn/Article/CJFDTotal-DNZS201207071.htm'),(1548,'程桂花','字节信息流并行CRC-32校验码电路设计与实现','安徽师范大学学报（自然科学版）','2016','http://www.cnki.com.cn/Article/CJFDTotal-AHSZ201603002.htm'),(1549,'程桂花','移动RFID自适应多叉树防碰撞算法','山西大同大学学报（自然科学版)','2016','http://d.wanfangdata.com.cn/Periodical/sxdtdxxb201602021'),(1550,'程桂花','Node.js中Express框架路由机制的研究','工业控制计算机','2016','http://d.wanfangdata.com.cn/Periodical/gykzjsj201608047'),(1551,'程桂花','应用模逆运算的移动互联网可信终端设计方法','计算机技术与发展','2012','http://www.cqvip.com/QK/97969A/201211/43772968.html'),(1552,'程桂花','基于Excel_VBA企业个性化数据处理实例','科技信息','2012','http://www.cqvip.com/QK/88688X/201217/42095907.html'),(1553,'程桂花','一种有限域快速低功耗模乘电路设计与实现','计算机时代','2012','http://www.cqvip.com/QK/91868X/201204/41623724.html'),(1554,'程桂花','AES算法中模逆运算电路设计与实现','小型微型计算机系统','2011','http://www.cqvip.com/QK/95659X/201106/37936628.html'),(1555,'程桂花','AES算法中基于流水线的可逆S盒设计与实现','小型微型计算机系统','2012','http://www.cnki.com.cn/Article/CJFDTotal-XXWX201203024.htm'),(1556,'俞庆英','树索引数据差分隐私预算分配方法','计算机应用','2018','http://www.cnki.com.cn/Article/CJFDTotal-JSJY201807025.htm'),(1557,'俞庆英','基于非敏感信息分析的轨迹数据隐私保护发布','计算机应用','2017','http://www.cqvip.com/QK/94832X/201702/671176466.html'),(1558,'俞庆英','支持局部抑制和序列重构的轨迹隐私保护方法','小型微型计算机系统','2017','http://www.cqvip.com/QK/95659X/201703/671324639.html'),(1559,'俞庆英','一种保护私有信息的空间离群点检测方法','计算机工程','2017','http://www.cqvip.com/QK/95200X/201703/671558402.html'),(1560,'俞庆英','粒度计算模型的研究','计算机技术与发展','2006','http://www.cqvip.com/Main/Detail.aspx?id=23407263'),(1561,'俞庆英','非计算机专业《C语言程序设计》循环结构教学用例探讨','电脑知识与技术','2016','http://www.cnki.com.cn/Article/CJFDTotal-DNZS201635069.htm'),(1562,'俞庆英','C++程序设计双语教学实践研究','计算机教育','2014','http://www.cnki.com.cn/Article/CJFDTotal-JYJS201421029.htm'),(1563,'俞庆英','联机手写汉字识别系统的研究与实现','《安徽大学》','2005','http://d.wanfangdata.com.cn/Thesis/Y765526'),(1564,'俞庆英','基于信息熵抑制的轨迹隐私保护方法','计算机应用','2018','http://www.cnki.com.cn/Article/CJFDTotal-JSJY201811037.htm'),(1565,'俞庆英','一种联机手写汉字识别算法的研究与实现','合肥学院学报(综合版)','2004','http://d.wanfangdata.com.cn/Periodical_hfxyxb-zrkxb200401012.aspx'),(1566,'俞庆英','汉字笔画若干数据的统计方法研究与应用','安徽大学学报(自然科学版)','2005','http://www.cqvip.com/Main/Detail.aspx?id=15943058'),(1567,'俞庆英','对联机手写汉字识别技术的研究——实现笔画识别','计算机技术与发展','2004','http://www.cnki.com.cn/Article/CJFDTotal-WJFZ200410023.htm'),(1568,'俞庆英','对图像分割技术的研究与实例图像测试','计算机技术与发展','2005','http://d.wanfangdata.com.cn/Periodical/wjfz200510050'),(1569,'俞庆英','《C程序设计》课程交互式作业管理平台设计与实现','《电脑知识与技术》','2019','http://www.cnki.com.cn/Article/CJFDTotal-DNZS201908015.htm'),(1570,'俞庆英','低质量指纹图像方向场提取','中国图象图形学报','2013','http://www.cqvip.com/QK/90287A/201307/46391897.html'),(1571,'俞庆英','谈新课导入技巧在“C程序设计”教学中的运用','计算机教育','2011','http://www.cnki.com.cn/Article/CJFDTOTAL-JYJS201102018.htm'),(1572,'俞庆英','不均匀模糊空间对象的分层次co-location模式挖掘方法','计算机应用','2016','http://www.cqvip.com/QK/94832X/201611/670461019.html'),(1573,'俞庆英','一种联机手写笔画滤波算法的设计与实现','计算机时代','2010','http://www.cqvip.com/Main/Detail.aspx?id=34704413'),(1574,'俞庆英','联机手写笔画识别后处理算法的设计与实现','中国科技信息','2008','http://www.cqvip.com/Main/Detail.aspx?id=26232095'),(1575,'俞庆英','高校公共课C程序设计的专业化教学新模式','计算机教育','2014','http://www.cqvip.com/QK/87565X/201407/49412353.html'),(1576,'俞庆英','翻转课堂在《C语言程序设计》课程教学中的应用','电脑知识与技术','2018','http://www.cnki.com.cn/Article/CJFDTotal-DNZS201810071.htm'),(1577,'俞庆英','非计算机专业C程序设计教学方法创新','计算机教育','2010','http://d.wanfangdata.com.cn/Periodical/jsjjy201020034'),(1578,'卞维新','新形势下高校计算机公共课教学改革的思考','电脑知识与技术','2010','http://d.wanfangdata.com.cn/Periodical/dnzsyjs-itrzyksb201025099'),(1579,'卞维新','非计算机专业计算机基础教育改革方案','计算机教育','2011','http://www.cqvip.com/QK/87565X/201101/36524836.html'),(1580,'卞维新','结合频谱扩散的指纹图像滤波增强','中国图象图形学报','2014','http://d.wanfangdata.com.cn/Periodical/zgtxtxxb-a201407005'),(1581,'卞维新','线性投影分析在指纹方向场提取中的应用研究','小型微型计算机系统','2013','http://d.wanfangdata.com.cn/Periodical/xxwxjsjxt201304047'),(1582,'卞维新','Snake模型在指纹图像分割中的应用','计算机工程与应用','2011','http://d.wanfangdata.com.cn/Periodical/jsjgcyyy201107059'),(1583,'卞维新','基于嵌入式uClinux的远程监控系统','电脑知识与技术','2014','http://d.wanfangdata.com.cn/Periodical/dnzsyjs-itrzyksb201417061'),(1584,'卞维新','基于两极复合式指纹图像细化算法的研究','《贵州工业大学学报：自然科学版》','2005','http://d.wanfangdata.com.cn/Periodical_gzgydx200503021.aspx'),(1585,'卞维新','基于ARM的uClinux及其应用开发','软件导刊','2008','http://www.cqvip.com/QK/71135X/201107/32128128.html'),(1586,'卞维新','基于ARM嵌入式Web服务器的研究','《贵州工业大学学报(自然科学版)》','2006','http://www.cqvip.com/qk/95087A/200602/22186165.html'),(1587,'卞维新','指纹图像细化的复合式算法','中国图象图形学报','2011','http://www.cnki.com.cn/Article/CJFDTotal-ZGTB201106018.htm'),(1588,'卞维新','低质量指纹图像方向场提取','中国图象图形学报','2013','http://www.cqvip.com/QK/90287A/201307/46391897.html'),(1589,'卞维新','基于自适应方向滤波器的指纹图像增强','微电子学与计算机','2009','http://d.wanfangdata.com.cn/Periodical/wdzxyjsj200903049'),(1590,'陈传明','基于NES的大学计算机基础教学研究探讨','电脑知识与技术','2017','http://www.cnki.com.cn/Article/CJFDTotal-DNZS201720066.htm'),(1591,'陈传明','一种基于社会网络信任关系的服务推荐方法','小型微型计算机系统','2014','http://d.wanfangdata.com.cn/Periodical/xxwxjsjxt201402006'),(1592,'陈传明','计算机基础无纸化考试系统的设计与实现','计算机时代','2010','http://d.wanfangdata.com.cn/Periodical/jsjsd201007026'),(1593,'陈传明','翻转课堂在《C语言程序设计》课程教学中的应用','电脑知识与技术','2018','http://www.cnki.com.cn/Article/CJFDTotal-DNZS201810071.htm'),(1594,'陈传明','C++程序设计双语教学实践研究','计算机教育','2014','http://d.wanfangdata.com.cn/Periodical/jsjjy201421028'),(1595,'陈传明','新形势下高校计算机公共课教学改革的思考','电脑知识与技术','2010','http://www.cqvip.com/Main/Detail.aspx?id=35458408'),(1596,'陈传明','粒度计算模型的研究','计算机技术与发展','2006','http://www.cqvip.com/Main/Detail.aspx?id=23407263'),(1597,'陈传明','非计算机专业《C语言程序设计》循环结构教学用例探讨','电脑知识与技术','2016','http://www.cnki.com.cn/Article/CJFDTotal-DNZS201635069.htm'),(1598,'陈传明','非计算机专业C程序设计教学方法创新','计算机教育','2010','http://www.cnki.com.cn/Article/CJFDTotal-JYJS201020036.htm'),(1599,'陈传明','高校公共课C程序设计的专业化教学新模式','计算机教育','2014','http://www.cqvip.com/QK/87565X/201407/49412353.html'),(1600,'陈传明','一种联机手写笔画滤波算法的设计与实现','计算机时代','2010','http://www.cqvip.com/Main/Detail.aspx?id=34704413'),(1601,'陈传明','非计算机专业计算机基础教育改革方案','计算机教育','2011','http://www.cqvip.com/QK/87565X/201101/36524836.html'),(1602,'陈传明','不均匀模糊空间对象的分层次co-location模式挖掘方法','计算机应用','2016','http://www.cqvip.com/QK/94832X/201611/670461019.html'),(1603,'陈传明','基于粒计算的程序题评分模型研究','宿州学院学报','2013','http://www.cqvip.com/QK/88353X/201311/47705342.html'),(1604,'丁新涛','新颖的判别性特征选择方法','计算机应用','2015','http://www.cqvip.com/QK/94832X/201510/666168581.html'),(1605,'丁新涛','秩亏矩阵极分解算法的扰动','安徽师范大学学报(自然科学版)','2008','http://www.cnki.com.cn/Article/CJFDTotal-AHSZ200802006.htm'),(1606,'丁新涛','R软件教学的一些心得','课程教育研究','2013','http://www.cnki.com.cn/Article/CJFDTotal-KCJY201334119.htm'),(1607,'郭良敏','基于异或运算的低成本RFID双向认证协议','计算机工程','2012','http://www.cqvip.com/QK/95200X/201209/41737041.html'),(1608,'郭良敏','创新应用型计算机科学与技术本科专业人才培养的探索与实践','大学教育','2017','http://d.wanfangdata.com.cn/Periodical/dxjy201703058'),(1609,'郭良敏','P2P环境下基于模糊理论的Dirichlet信任评估模型','计算机工程与应用','2017','http://www.cnki.com.cn/Article/CJFDTotal-JSGG201701024.htm'),(1610,'郭良敏','保护私有信息的两多边形相交面积计算','计算机工程与应用','2014','http://www.cnki.com.cn/Article/CJFDTotal-JSGG201409009.htm'),(1611,'郭良敏','面向个性化云服务基于用户类型和隐私保护的信任模型','计算机应用','2014','http://www.cnki.com.cn/Article/CJFDTotal-JSJY201404019.htm'),(1612,'郭良敏','核域多重分形谱感知的流识别与分类','计算机应用研究','2017','http://d.wanfangdata.com.cn/Periodical/jsjyyyj201707038'),(1613,'郭良敏','一种保护标价的多属性反向拍卖模型','计算机技术与发展','2012','http://d.wanfangdata.com.cn/Periodical/wjfz201206036'),(1614,'郭良敏','面向个性化云服务的动态信任模型','计算机工程','2014','http://d.wanfangdata.com.cn/Periodical/jsjgc201404006'),(1615,'郭良敏','一种高可靠的无线射频识别群组标签认证协议','计算机工程','2013','http://www.cnki.com.cn/Article/CJFDTotal-JSJC201302029.htm'),(1616,'郭良敏','Delaunay三角网中任意约束线段嵌入算法研究','测绘科学','2013','http://www.cnki.com.cn/Article/CJFDTotal-CHKD201304021.htm'),(1617,'郭良敏','面向隐私保护的无线传感器网络细粒度访问控制协议','计算机应用','2014','http://d.wanfangdata.com.cn/Periodical/jsjyy201402035'),(1618,'郭良敏','基于轨迹形状多样性的隐私保护算法','计算机应用','2016','http://www.cqvip.com/QK/94832X/201606/669052879.html'),(1619,'郭良敏','基于KD树最优投影划分的k匿名算法','南京大学学报（自然科学）','2016','http://d.wanfangdata.com.cn/Periodical/njdxxb201606008'),(1620,'郭良敏','“算法设计与分析”中经典算法动态演示软件的设计与实现','电脑知识与技术','2016','http://d.wanfangdata.com.cn/Periodical/dnzsyjs-itrzyksb201620035'),(1621,'郭良敏','C语言指针教学探究','福建电脑','2013','http://d.wanfangdata.com.cn/Periodical/fjdn201301027'),(1622,'郭良敏','《操作系统》教学改革的探讨','电脑知识与技术','2015','http://www.cnki.com.cn/Article/CJFDTotal-DNZS201520043.htm'),(1623,'郭良敏','C语言中数组与指针学习探讨','现代计算机(专业版)','2011','http://d.wanfangdata.com.cn/Periodical/xdjsj-sby201111016'),(1624,'郭良敏','《算法设计与分析》课程教学改革探讨','电脑知识与技术','2016','http://www.cnki.com.cn/Article/CJFDTotal-DNZS201635050.htm'),(1625,'郭良敏','基于边分割的社交网络敏感边保护技术','计算机应用','2016','http://www.cqvip.com/QK/94832X/201601/667691842.html'),(1626,'郭良敏','一种基于声誉的评分累积信任模型','计算机工程与应用','2012','http://d.wanfangdata.com.cn/Periodical/jsjgcyyy201227015'),(1627,'杭后俊','三次Bezier曲线的一种双参数扩展及应用','计算机工程与应用','2010','http://www.cqvip.com/Main/Detail.aspx?id=35643107'),(1628,'杭后俊','带三参数的类四次Bezier曲线及其应用研究','计算机工程与应用','2014','http://d.wanfangdata.com.cn/Periodical/jsjgcyyy201420033'),(1629,'杭后俊','整椭圆的三次NURBS表示及其应用','计算机工程与应用','2016','http://www.cqvip.com/QK/91690X/201603/667767437.html'),(1630,'杭后俊','单叶双曲面、二次锥面/球面统一求交算法','《安徽师范大学学报(自然科学版)》','2006','http://www.cqvip.com/Main/Detail.aspx?id=23190923'),(1631,'杭后俊','一类三次均匀B样条曲线曲面','计算机技术与发展','2018','http://www.wanfangdata.com.cn/details/detail.do?_type=perio&amp;id=wjfz201802016'),(1632,'杭后俊','一种高效的基于局部扭曲立方体的悲观诊断算法','微电子学与计算机','2007','http://d.wanfangdata.com.cn/Periodical/wdzxyjsj200710051'),(1633,'杭后俊','圆弧标准型有理三次Bézier表示的内在性质研究','中国图象图形学报','2011','http://www.cnki.com.cn/Article/CJFDTotal-ZGTB201112013.htm'),(1634,'杭后俊','Study of quasi quartic Bezier curves with three shape parameters and its application','《Computer Engineering &amp; Applications》','2014','http://cea.ceaj.org/EN/abstract/abstract32473.shtml'),(1635,'杭后俊','浏览器工具条在图书馆网络服务中的应用','农业图书情报学刊','2010','http://d.wanfangdata.com.cn/Periodical/nytsqbxk201005019'),(1636,'杭后俊','函数依赖和多值依赖性质的算子化证明','计算机工程','2009','http://www.cqvip.com/QK/71135X/201107/31628201.html'),(1637,'杭后俊','均匀B样条曲线的一种表示形式','《安庆师范学院学报（自科版）》','2006','http://d.wanfangdata.com.cn/Periodical/aqsfxyxb-zrkx200603027'),(1638,'杭后俊','基于扫描线算法的多边形区域填充图案','计算机时代','2009','http://d.wanfangdata.com.cn/Periodical/jsjsd200903010'),(1639,'杭后俊','关于多值依赖的几点注记','《安庆师范学院学报：自然科学版》','2005','http://d.wanfangdata.com.cn/Periodical_aqsfxyxb-zrkx200503033.aspx'),(1640,'杭后俊','计算机专业计算机图形学教学实践探讨','计算机教育','2012','http://www.cqvip.com/QK/87565X/201217/43280834.html'),(1641,'杭后俊','任意多边形窗口的圆裁剪算法','计算机技术与发展','2009','http://www.cnki.com.cn/Article/CJFDTotal-WJFZ200905065.htm'),(1642,'杭后俊','一种基于加权区域采样的直线反走样生成算法','计算机技术与发展','2009','http://www.cnki.com.cn/Article/CJFDTotal-WJFZ200906039.htm'),(1643,'杭后俊','有理三次Bezier曲线表示圆弧的一种实用方法','计算机工程与应用','2012','http://www.cnki.com.cn/Article/CJFDTotal-JSGG201206055.htm'),(1644,'杭后俊','一种基于局部扭曲立方体多计算机网络的顺序诊断算法','贵州师范大学学报(自然科学版)','2008','http://www.cqvip.com/Main/Detail.aspx?id=27190463'),(1645,'杭后俊','一种基于超立方体多处理机系统的快速诊断算法','计算机技术与发展','2008','http://d.wanfangdata.com.cn/Periodical/wjfz200808013'),(1646,'杭后俊','超立方体多计算机系统的一个高效故障诊断算法','微电子学与计算机','2008','http://d.wanfangdata.com.cn/Periodical_wdzxyjsj200811046.aspx'),(1647,'杭后俊','椭圆抛物面/球面求交算法','计算机工程与应用','2011','http://www.cqvip.com/qk/91690x/201133/40130415.html'),(1648,'接标','基于内容的图像检索算法研究','计算机工程与设计','2008','http://d.wanfangdata.com.cn/Periodical/jsjgcysj200820034'),(1649,'接标','P2P环境下基于模糊理论的Dirichlet信任评估模型','计算机工程与应用','2017','http://www.cnki.com.cn/Article/CJFDTotal-JSGG201701024.htm'),(1650,'接标','基于角的形状匹配','计算机技术与发展','2006','http://d.wanfangdata.com.cn/Periodical/wjfz200608064'),(1651,'接标','基于特征脸的人脸检测与识别','《云南师范大学学报(自然科学版)》','2005','http://d.wanfangdata.com.cn/Periodical/ynsfdxxb200506008'),(1652,'接标','多边形相似判定中的私有信息保护','小型微型计算机系统','2012','http://d.wanfangdata.com.cn/Periodical/xxwxjsjxt201202040'),(1653,'接标','一种基于个性化邮件特征的反垃圾邮件系统','计算机技术与发展','2009','http://www.cnki.com.cn/Article/CJFDTotal-WJFZ200908044.htm'),(1654,'接标','基于ICA的在线掌纹识别','计算机工程与设计','2006','http://www.cqvip.com/Main/Detail.aspx?id=22899458'),(1655,'接标','基于区域相似性模型的图像检索研究','计算机工程与应用','2011','http://d.wanfangdata.com.cn/Periodical/jsjgcyyy201115057'),(1656,'接标','统计模式识别的研究','《云南师范大学学报：自然科学版》','2005','http://www.cnki.com.cn/Article/CJFDTotal-YNSK200506006.htm'),(1657,'接标','新颖的判别性特征选择方法','计算机应用','2015','http://www.cqvip.com/QK/94832X/201510/666168581.html'),(1658,'接标','基于Net平台的计算机自动评阅系统的研究与实现','计算机教育','2010','http://www.cqvip.com/qk/87565X/201014/34658669.html'),(1659,'接标','P2P网络中基于权重的动态信任模型','计算机应用研究','2011','http://d.wanfangdata.com.cn/Periodical/jsjyyyj201101085'),(1660,'接标','新的基于Laplacian 的特征选择方法','计算机工程与应用','2016','http://www.cnki.com.cn/Article/CJFDTotal-JSGG201615015.htm'),(1661,'接标','融合小波变换和SIFT特征的商标检索方法','计算机技术与发展','2015','http://www.cqvip.com/QK/97969X/201504/664340385.html'),(1662,'接标','判别性子图挖掘方法及其在 MCI 分类中的应用','南京大学学报（自然科学）','2015','http://www.cnki.com.cn/Article/CJFDTotal-NJDZ201502017.htm'),(1663,'接标','网络环境下学生体质监测与训导综合管理平台的设计构想','安徽师范大学学报(自然科学版)','2010','http://www.cqvip.com/Main/Detail.aspx?id=34907114'),(1664,'接标','基于数值计算方法的遗传算法的优化研究','计算机工程与设计','2009','http://www.cnki.com.cn/Article/CJFDTotal-SJSJ200912045.htm'),(1665,'接标','基于子图选择和图核降维的脑网络分类方法','计算机科学与探索','2014','http://www.cnki.com.cn/Article/CJFDTotal-KXTS201410011.htm'),(1666,'接标','CT图像肺结节计算机辅助检测与诊断技术研究综述','数据采集与处理','2016','http://www.cqvip.com/QK/96163X/201605/670511896.html'),(1667,'接标','基于机器学习的脑网络分析方法及应用','数据采集与处理','2015','http://d.wanfangdata.com.cn/Periodical/sjcjycl201501006'),(1668,'接标','基于判别性子图重构的轻微肝性脑病分类','模式识别与人工智能','2016','http://www.cnki.com.cn/Article/CJFDTotal-MSSB201609008.htm'),(1669,'接标','常用数据存储标准的一种研究方法','电脑与信息技术','2017','http://www.cqvip.com/QK/93105A/201701/7000119631.html'),(1670,'接标','面向脑网络的新型图核及其在MCI分类上的应用','计算机学报','2016','http://d.wanfangdata.com.cn/Periodical/jsjxb201608013'),(1671,'接标','一种分层的基于多特征的在线掌纹识别研究','《云南师范大学》','2006','http://cdmd.cnki.com.cn/Article/CDMD-10681-2006161129.htm'),(1672,'接标','氦原子激发态能量的程序化计算','安徽师范大学学报(自然科学版)','2007','http://d.wanfangdata.com.cn/Periodical/ahsfdx200703006'),(1673,'齐学梅','四维一体计算机硬件实验教学改革与实践','计算机教育','2013','http://d.wanfangdata.com.cn/Periodical/jsjjy201303014'),(1674,'齐学梅','创新能力驱动的层次化计算机硬件课程群构建与实施','大学教育','2013','http://www.cnki.com.cn/Article/CJFDTotal-DXJY201304016.htm'),(1675,'齐学梅','AES算法中的多项式模运算及其性能分析','计算机技术与发展','2010','http://www.cnki.com.cn/Article/CJFDTotal-WJFZ201009029.htm'),(1676,'齐学梅','量子萤火虫算法及在无等待流水调度上的应用','信息与控制','2016','http://www.cnki.com.cn/Article/CJFDTotal-XXYK201602014.htm'),(1677,'齐学梅','字节信息流并行CRC-32校验码电路设计与实现','安徽师范大学学报（自然科学版）','2016','http://www.cqvip.com/QK/96544A/201603/669302447.html'),(1678,'齐学梅','移动RFID自适应多叉树防碰撞算法','山西大同大学学报（自然科学版)','2016','http://d.wanfangdata.com.cn/Periodical/sxdtdxxb201602021'),(1679,'齐学梅','计算机硬件基础实验教程','安徽师范大学出版社','2013','http://bookask.com/book/542646.html'),(1680,'齐学梅','最小化总完工时间的流水作业调度混合算法','东南大学学报(自然科学版)','2008','http://www.cnki.com.cn/Article/CJFDTotal-DNDX200806004.htm'),(1681,'齐学梅','如何解决应用软件内存不够的问题','微型机与应用','1996','http://www.cnki.com.cn/Article/CJFDTotal-WXJY199612024.htm'),(1682,'齐学梅','最大限度地利用内存资源解决应用软件内存不够的问题','微型电脑应用','1996','http://www.cnki.com.cn/Article/CJFDTotal-WXDY603.027.htm'),(1683,'齐学梅','谈系统的启动配置','微型电脑应用','1998','http://www.cqvip.com/QK/96101X/199804/3100119.html'),(1684,'齐学梅','一种容错可逆的通用移位寄存器设计','量子电子学报','2015','http://www.cqvip.com/QK/90409A/201505/666047299.html'),(1685,'齐学梅','求解流水车间调度问题的混合粒子群算法','计算机工程与应用','2012','http://d.wanfangdata.com.cn/Periodical/jsjgcyyy201209010'),(1686,'齐学梅','高校计算机硬件系列基础课程教学改革','计算机教育','2011','http://www.cqvip.com/QK/87565X/201124/40644980.html'),(1687,'齐学梅','多媒体套件安装中常见故障的处理','计算机技术与发展','1996','http://www.cqvip.com/qk/97969X/199606/2379488.html'),(1688,'齐学梅','2.13H安装和运行过程中常见故障分析排除','计算机技术与发展','1994','http://www.cnki.com.cn/Article/CJFDTotal-WJFZ404.013.htm'),(1689,'齐学梅','计算机硬盘系统常见故障的排除','计算机技术与发展','1995','http://www.cqvip.com/qk/97969X/199505/1909447.html'),(1690,'齐学梅','新颖的阻塞流水车间调度量子差分进化算法','计算机应用','2015','http://d.wanfangdata.com.cn/Periodical_jsjyy201503014.aspx'),(1691,'齐学梅','《计算机组成原理》课程在高等师范院校中的教学改革探讨','《淮北师范大学学报(自然科学版)》','2007','http://www.cqvip.com/Main/Detail.aspx?id=25850242'),(1692,'齐学梅','无等待流水调度问题迭代启发式算法','安徽师范大学学报(自然科学版)','2009','http://www.cqvip.com/Main/Detail.aspx?id=29759800'),(1693,'齐学梅','AES算法中基于流水线的可逆S盒设计与实现','小型微型计算机系统','2012','http://www.cnki.com.cn/Article/CJFDTotal-XXWX201203024.htm'),(1694,'齐学梅','求解多目标PFSP的改进遗传算法','计算机工程与应用','2015','http://www.cnki.com.cn/Article/CJFDTotal-JSGG201511052.htm'),(1695,'齐学梅','有限域上模逆电路的可逆逻辑设计','计算机科学与探索','2015','http://www.cnki.com.cn/Article/CJFDTotal-KXTS201505006.htm'),(1696,'齐学梅','VerilogHDL与计算机硬件课程融合探析','电脑知识与技术','2012','http://www.cqvip.com/QK/87339A/201203/42092012.html'),(1697,'齐学梅','AES算法中模逆运算电路设计与实现','小型微型计算机系统','2011','http://www.cqvip.com/QK/95659X/201106/37936628.html'),(1698,'齐学梅','一种有限域快速低功耗模乘电路设计与实现','计算机时代','2012','http://www.cqvip.com/QK/91868X/201204/41623724.html'),(1699,'齐学梅','Dijkstra优化算法及其在电子导游中的应用','安徽师范大学学报(自然科学版)','2010','http://www.cqvip.com/Main/Detail.aspx?id=36664116'),(1700,'王涛春','群智感知中基于k-匿名的位置及数据隐私保护方法研究','通信学报','2018','http://www.cqvip.com/QK/95624X/2018A01/7000910961.html'),(1701,'王涛春','一种容错的传感器网络数据融合隐私保护算法','计算机应用研究','2014','http://d.wanfangdata.com.cn/Periodical_jsjyyyj201405052.aspx'),(1702,'王涛春','基于微信公众平台的教务管理系统的设计与实现','电脑知识与技术','2016','http://www.cqvip.com/QK/98164B/20166X/68789083504849544955485052.html'),(1703,'王涛春','基于压缩感知的GPS信号压缩与捕获研究','无线电通信技术','2017','http://www.cnki.com.cn/Article/CJFDTotal-WXDT201705009.htm'),(1704,'王涛春','多边形相似判定中的私有信息保护','小型微型计算机系统','2012','http://d.wanfangdata.com.cn/Periodical/xxwxjsjxt201202040'),(1705,'王涛春','基于Net平台的计算机自动评阅系统的研究与实现','计算机教育','2010','http://www.cqvip.com/qk/87565X/201014/34658669.html'),(1706,'王涛春','基于维基的实验室进展管理系统的设计与实现','软件','2016','http://www.cnki.com.cn/Article/CJFDTotal-RJZZ201609003.htm'),(1707,'王涛春','群智感知中的参与者信誉评估方案','计算机应用','2018','http://www.cnki.com.cn/Article/CJFDTotal-JSJY201803026.htm'),(1708,'王涛春','一种异构集群中能量高效的大数据处理算法','计算机研究与发展','2015','http://www.cqvip.com/QK/94913X/201502/663740220.html'),(1709,'王涛春','P2P网络中基于权重的动态信任模型','计算机应用研究','2011','http://www.cqvip.com/Main/Detail.aspx?id=36241100'),(1710,'王涛春','基于在线评测的数据结构实践教学探讨','计算机教育','2010','http://www.cnki.com.cn/Article/CJFDTotal-JYJS201010028.htm'),(1711,'王涛春','隐私保护的不同坐标系两点距离计算','计算机科学','2011','http://www.cqvip.com/QK/92817X/201108/38990316.html'),(1712,'王涛春','基于边分割的社交网络敏感边保护技术','计算机应用','2016','http://d.wanfangdata.com.cn/Periodical/jsjyy201601039'),(1713,'王涛春','不同坐标系下点圆关系的安全判定协议','计算机工程','2012','http://www.cqvip.com/QK/95200X/201201/40827217.html'),(1714,'王涛春','基于不同坐标系的点球关系安全判定协议','计算机应用研究','2015','http://d.wanfangdata.com.cn/Periodical/jsjyyyj201507058'),(1715,'王涛春','传感器网络中基于路线的隐私保护数据聚集算法','电子学报','2017','http://www.cnki.com.cn/Article/CJFDTotal-DZXU201706008.htm'),(1716,'王涛春','两层传感网隐私保护的不完全数据Skyline查询协议','计算机应用','2017','http://d.wanfangdata.com.cn/Periodical/jsjyy201706014'),(1717,'王涛春','无线传感器网络中安全高效的空间数据聚集算法','软件学报','2014','http://www.cnki.com.cn/Article/CJFDTotal-RJXB201408005.htm'),(1718,'王涛春','Dijkstra优化算法及其在电子导游中的应用','安徽师范大学学报(自然科学版)','2010','http://www.cnki.com.cn/Article/CJFDTotal-AHSZ201006007.htm'),(1719,'王涛春','两层无线传感器网络中隐私保护的范围查询','北京邮电大学学报','2014','http://www.cqvip.com/QK/91520A/201402/50075855.html'),(1720,'王涛春','两层传感器网络中安全高效的范围查询算法','北京邮电大学学报','2015','http://www.cqvip.com/QK/91520A/201506/668144514.html'),(1721,'赵传信','基于贝叶斯概率树的机会社会网络转发节点选择方法','安徽师范大学学报(自然科学版)','2018','http://www.cnki.com.cn/Article/CJFDTotal-AHSZ201802007.htm'),(1722,'赵传信','云计算环境下基于行为预测的博弈信任模型','小型微型计算机系统','2015','http://www.cqvip.com/QK/95659X/201510/666161757.html'),(1723,'赵传信','物联网实验教学仪器和设备产业发展研究','中国教育技术装备','2015','http://www.cqvip.com/QK/82134A/201510/665139924.html'),(1724,'赵传信','群智感知中基于k-匿名的位置及数据隐私保护方法研究','通信学报','2018','http://www.cnki.com.cn/Article/CJFDTotal-TXXB2018S1025.htm'),(1725,'赵传信','高师院校非师范计算机专业人才培养新途径','计算机教育','2010','http://www.cnki.com.cn/Article/CJFDTotal-JYJS201008004.htm'),(1726,'赵传信','大数据环境下基于贝叶斯推理的中文地名地址匹配方法','计算机科学','2017','http://www.cnki.com.cn/Article/CJFDTOTAL-JSJA201709050.htm'),(1727,'赵传信','Adhoc多信道技术及安全性分析','保密通信与信息安全现状研讨会','2009','http://d.wanfangdata.com.cn/Conference_7131820.aspx'),(1728,'赵传信','基于多媒体教育资源融合的高校信息化教学模式研究','大学教育','2015','http://d.wanfangdata.com.cn/Periodical/dxjy201503022'),(1729,'赵传信','基于可信理论的Web教育门户网站可用性评估模型','微电子学与计算机','2013','http://d.wanfangdata.com.cn/Periodical/wdzxyjsj201303022'),(1730,'赵传信','基于模糊集和RSS的Web教育资源Rank算法','计算机技术与发展','2013','http://www.cnki.com.cn/Article/CJFDTotal-WJFZ201302033.htm'),(1731,'赵传信','基于博弈论的物联网语义社区演化模型','计算机工程与科学','2012','http://d.wanfangdata.com.cn/Periodical/jsjgcykx201209023'),(1732,'赵传信','基于Agent群体对抗的移动传感网动态频谱分配策略','小型微型计算机系统','2015','http://www.cqvip.com/QK/95659X/201505/664608354.html'),(1733,'赵传信','基于博弈论的网络社区舆情传播模型','计算机应用研究','2013','http://www.cqvip.com/QK/93231X/201308/46720238.html'),(1734,'赵传信','一种混合粒子群算法及其在Job Shop问题中的应用','计算机技术与发展','2006','http://www.cqvip.com/qk/71135x/201107/22699203.html'),(1735,'赵传信','基于用户行为特征的云计算资源可用性动态评价模型','计算机科学','2016','http://www.cnki.com.cn/Article/CJFDTotal-JSJA2016S1075.htm'),(1736,'赵传信','改进的粒子群算法在VRP中的应用','计算机技术与发展','2008','http://www.cnki.com.cn/Article/CJFDTotal-WJFZ200806069.htm'),(1737,'赵传信','基于两层社区混合计算的个性化推荐方法','计算机科学','2016','http://www.cqvip.com/QK/92817X/2016S1/6748374652016S1106.html'),(1738,'赵传信','面向服务的计算学科教育新模式','计算机教育','2012','http://www.cqvip.com/QK/87565X/201204/41207703.html'),(1739,'赵传信','面向高师院校物联网工程专业的实验教学策略研究','大学教育','2014','http://www.cqvip.com/qk/71597x/201414/662031565.html'),(1740,'赵传信','物联网专业网络课程实验教学研究与实践','杭州电子科技大学学报','2015','http://www.cnki.com.cn/Article/CJFDTotal-HXDY201502021.htm'),(1741,'赵传信','操作系统实践课程内容设置与教学方法','智能计算机与应用','2010','http://www.cqvip.com/Main/Detail.aspx?id=33406735'),(1742,'赵传信','基于灰色神经网络的Web社区主题舆情传播模型','计算机系统应用','2013','http://www.cqvip.com/QK/97941X/201311/47591620.html'),(1743,'赵传信','基于KD树最优投影划分的k匿名算法','南京大学学报（自然科学）','2016','http://d.wanfangdata.com.cn/Periodical/njdxxb201606008'),(1744,'赵传信','融合信道分配的无线Mesh网络多目标网关部署','计算机研究与发展','2015','http://www.cnki.com.cn/Article/CJFDTotal-JFYZ201508016.htm'),(1745,'赵传信','基于语义主题相似度的Web教育资源查询方法','计算机技术与发展','2014','http://www.cqvip.com/QK/97969A/201402/48662000.html'),(1746,'赵传信','基于Agent的Web教育资源预选择分层模型','计算机工程','2013','http://www.cqvip.com/QK/95200X/201309/47142856.html'),(1747,'赵传信','基于Multi-agent理论的社会网络文体分类方法','计算机系统应用','2014','http://d.wanfangdata.com.cn/Periodical/jsjxtyy201411022'),(1748,'赵传信','多约束非均匀线阵天线的粒子群布阵优化算法','计算机应用研究','2009','http://www.cqvip.com/Main/Detail.aspx?id=31896109'),(1749,'赵传信','无线Ad hoc分层攻击仿真模型','计算机工程与应用','2010','http://www.cqvip.com/Main/Detail.aspx?id=34906939'),(1750,'赵传信','应用模逆运算的移动互联网可信终端设计方法','计算机技术与发展','2012','http://www.cqvip.com/QK/97969A/201211/43772968.html'),(1751,'赵传信','无线多信道中继网络的中继选择性机会调度','应用科学学报','2011','http://d.wanfangdata.com.cn/Periodical/yykxxb201104002'),(1752,'赵传信','两种交互模式的智能小车集成门户控制系统设计研究','南京邮电大学学报（自然科学版）','2011','http://www.cqvip.com/QK/95955B/201104/39500021.html'),(1753,'赵传信','物联网专业实践课程建设探讨','电脑知识与技术','2012','http://www.cqvip.com/QK/87339A/20124X/68789083504849504950485752.html'),(1754,'赵传信','动态环境下的种群扩散粒子群优化算法','计算机工程','2010','http://www.cnki.com.cn/Article/CJFDTotal-JSJC201019010.htm'),(1755,'赵传信','粒子群优化算法在0/1背包问题的应用','计算机技术与发展','2005','http://d.wanfangdata.com.cn/Periodical/wjfz200510009'),(1756,'赵传信','多射频多信道Ad Hoc网络跨层功率分配','系统工程与电子技术','2011','http://d.wanfangdata.com.cn/Periodical/xtgcydzjs201104036'),(1757,'赵传信','基于博弈论的容迟网络中布雷斯路由悖论研究','计算机技术与发展','2018','http://www.cnki.com.cn/Article/CJFDTotal-WJFZ2018052400V.htm'),(1758,'赵传信','探索校企合作的高职信息管理专业建设利弊','电脑知识与技术','2012','http://d.wanfangdata.com.cn/Periodical/dnzsyjs-itrzyksb201231042'),(1759,'赵传信','应用禁忌基因表达式编程提高模型精度','计算机工程与应用','2009','http://d.wanfangdata.com.cn/Periodical/jsjgcyyy200928010'),(1760,'赵传信','应用人工生命模型Bug/BACO求解组卷问题研究','《长江大学学报自然科学版：理工（上旬）》','2013','http://d.wanfangdata.com.cn/Periodical/cjdxxb-rkxb201305015'),(1787,'孙道清','安徽省普通高校招生计算机辅助录取系统的设计与实现','安徽师范大学学报(自然科学版)','2002','http://www.cqvip.com/qk/96544A/200203/7255147.html'),(1788,'孙道清','基于上下文感知的普适计算辅助教学设计与实现','智能计算机与应用','2010','http://www.cnki.com.cn/Article/CJFDTotal-DLXZ201001029.htm'),(1789,'孙道清','一种普适计算下的访问控制策略','计算机技术与发展','2010','http://www.cnki.com.cn/Article/CJFDTotal-WJFZ201008025.htm'),(1790,'孙道清','基于普适计算和Dijkstra算法辅助泊车的设计','软件导刊','2011','http://www.cnki.com.cn/Article/CJFDTotal-RJDK201105053.htm'),(1791,'孙道清','Cisco 路由器的RAS的配置','安徽工程大学学报','2003','http://d.wanfangdata.com.cn/Periodical/ahjdxyxb200304017'),(1792,'孙道清','普适计算中上下文依赖的主动任务发现','计算机应用研究','2009','http://www.cqvip.com/QK/93231X/200903/1000631795.html'),(1793,'孙道清','An Indoor Ubiquitous Computing Environment Based on Location-awareness','《Journal of Donghua University(English Edition)》','2006','http://www.cqvip.com/qk/71135x/201107/23718446.html'),(1794,'孙道清','普适计算网络环境中的密钥预分配方案','计算机工程与应用','2009','http://www.cqvip.com/Main/Detail.aspx?id=29758446'),(1795,'孙道清','普适计算中动态和语义的安全策略管理','计算机工程','2008','http://d.wanfangdata.com.cn/Periodical/jsjgc200806052'),(1796,'孙道清','市场主体管理信息系统的设计与实现','安徽工程大学学报','2002','http://d.wanfangdata.com.cn/Periodical_ahjdxyxb200203011.aspx'),(1797,'孙道清','分数线快速预测系统在普通高校招生工作中的应用','微型机与应用','2004','http://www.cqvip.com/QK/95939X/200406/10486410.html'),(1798,'孙道清','π演算于辅助泊车的应用','计算机系统应用','2012','http://www.cqvip.com/QK/97941X/201206/41967715.html'),(1799,'孙道清','高校招生系统中并行志愿投档算法的一种改进','计算机技术与发展','2003','http://d.wanfangdata.com.cn/Periodical/wjfz200312038'),(1800,'孙道清','随机算法在安徽省高考招生系统中的应用','微电子学与计算机','2004','http://www.cqvip.com/Main/Detail.aspx?id=9127940'),(1801,'何昕','基于服务感知的可信QoS评价模型','信息安全研究','2018','http://www.cnki.com.cn/Article/CJFDTotal-XAQY201804003.htm'),(1802,'何昕','物联网专业英语教学方法的探讨','电脑知识与技术','2018','http://www.cnki.com.cn/Article/CJFDTotal-DNZS201801056.htm'),(1803,'左开中','基于异或运算的低成本RFID双向认证协议','计算机工程','2012','http://d.wanfangdata.com.cn/Periodical/jsjgc201209085'),(1804,'左开中','基于区域相似性模型的图像检索研究','计算机工程与应用','2011','http://www.cnki.com.cn/Article/CJFDTotal-JSGG201115057.htm'),(1805,'左开中','“算法设计与分析”中经典算法动态演示软件的设计与实现','电脑知识与技术','2016','http://www.cnki.com.cn/Article/CJFDTotal-DNZS201620036.htm'),(1806,'左开中','软件工程专业《数据结构实践》课程教学探讨','电脑知识与技术','2016','http://www.cqvip.com/QK/98164B/20164X/68789083504849544949485150.html'),(1807,'左开中','AES算法中基于流水线的可逆S盒设计与实现','小型微型计算机系统','2012','http://www.cnki.com.cn/Article/CJFDTotal-XXWX201203024.htm'),(1808,'左开中','一种高可靠的无线射频识别群组标签认证协议','计算机工程','2013','http://d.wanfangdata.com.cn/Periodical/jsjgc201302030'),(1809,'左开中','小花木兰生态位及生殖生物学初步研究','安徽师范大学','2005','http://cdmd.cnki.com.cn/article/cdmd-10370-2005102066.htm'),(1810,'左开中','一种容错的传感器网络数据融合隐私保护算法','计算机应用研究','2014','http://d.wanfangdata.com.cn/Periodical_jsjyyyj201405052.aspx'),(1811,'左开中','隐私保护的不同坐标系两点距离计算','计算机科学','2011','http://www.cnki.com.cn/Article/CJFDTotal-JSJA201108015.htm'),(1812,'左开中','P2P网络中基于权重的动态信任模型','计算机应用研究','2011','http://d.wanfangdata.com.cn/Periodical/jsjyyyj201101085'),(1813,'左开中','基于在线评测的数据结构实践教学探讨','计算机教育','2010','http://d.wanfangdata.com.cn/Periodical_jsjjy201010026.aspx'),(1814,'左开中','基于校园无线局域网络的智能视频监控系统','现代计算机','2016','http://d.wanfangdata.com.cn/Periodical/xdjsj-xby201619016'),(1815,'左开中','一种RFID标签所有权完全转移协议','信息与控制','2016','http://d.wanfangdata.com.cn/Periodical_xxykz201606007.aspx'),(1816,'左开中','新颖的判别性特征选择方法','计算机应用','2015','http://d.wanfangdata.com.cn/Periodical/jsjyy201510008'),(1817,'左开中','两层传感网隐私保护的不完全数据Skyline查询协议','计算机应用','2017','http://www.cqvip.com/QK/94832X/201706/672299909.html'),(1818,'左开中','新的基于Laplacian 的特征选择方法','计算机工程与应用','2016','http://www.cqvip.com/QK/91690X/201615/7000005545.html'),(1819,'左开中','SPOC混合教学模式构建','电脑知识与技术','2017','http://www.cqvip.com/QK/87339A/201709/673430677.html'),(1820,'左开中','《操作系统》教学改革的探讨','电脑知识与技术','2015','http://www.cnki.com.cn/Article/CJFDTotal-DNZS201520043.htm'),(1821,'左开中','C语言指针教学探究','福建电脑','2013','http://www.cnki.com.cn/Article/CJFDTotal-FJDN201301028.htm'),(1822,'左开中','移动RFID自适应多叉树防碰撞算法','山西大同大学学报（自然科学版)','2016','http://www.cnki.com.cn/Article/CJFDTotal-YBSF201602021.htm'),(1823,'左开中','VerilogHDL与计算机硬件课程融合探析','电脑知识与技术','2012','http://www.cqvip.com/QK/87339A/201203/42092012.html'),(1824,'左开中','多边形相似判定中的私有信息保护','小型微型计算机系统','2012','http://www.cnki.com.cn/Article/CJFDTotal-XXWX201202042.htm'),(1825,'左开中','一种有限域快速低功耗模乘电路设计与实现','计算机时代','2012','http://www.cnki.com.cn/Article/CJFDTotal-JSJS201204007.htm'),(1826,'左开中','XML语言在Web数据挖掘中的应用','计算机技术与发展','2002','http://www.cnki.com.cn/Article/CJFDTotal-WJFZ200203020.htm'),(1827,'左开中','一种实现平衡三进制向量矩阵乘法的光学方法','计算机应用研究','2009','http://www.cnki.com.cn/Article/CJFDTotal-JSYJ200910061.htm'),(1828,'左开中','基于ZigBee的烟雾检测火灾报警传感节点设计','现代计算机','2013','http://d.wanfangdata.com.cn/Periodical/xdjsj-sby201303020'),(1829,'左开中','复杂网络与网络化软件系统','计算机应用与软件','2009','http://www.cnki.com.cn/Article/CJFDTotal-JYRJ200905032.htm'),(1830,'左开中','三态光纤通信收发器的设计与实现','计算机工程','2008','http://www.cqvip.com/Main/Detail.aspx?id=26329229'),(1831,'左开中','基于S3C44B0X的双目立体数码照相机','微计算机信息','2007','http://d.wanfangdata.com.cn/Periodical/wjsjxx200720044'),(1832,'左开中','面向隐私保护的无线传感器网络细粒度访问控制协议','计算机应用','2014','http://d.wanfangdata.com.cn/Periodical/jsjyy201402035'),(1833,'左开中','字节信息流并行CRC-32校验码电路设计与实现','安徽师范大学学报（自然科学版）','2016','http://www.cnki.com.cn/Article/CJFDTotal-AHSZ201603002.htm'),(1834,'左开中','不同坐标系下空间两球体关系的安全判定协议','计算机应用','2011','http://d.wanfangdata.com.cn/Periodical/jsjyy201109021'),(1835,'左开中','无进(借)位运算器的降值设计理论及其在三值光计算机中的应用','《中国科学(E辑:信息科学)》','2008','http://www.cnki.com.cn/Article/CJFDTotal-JEXK200812010.htm'),(1836,'左开中','三值光计算机解码模拟器的图像采集系统','半导体光电','2008','http://www.cnki.com.cn/Article/CJFDTotal-BDTG200806040.htm'),(1837,'左开中','基于细菌视紫红质薄膜的三值光学数据存储研究','计算机技术与发展','2008','http://d.wanfangdata.com.cn/Periodical/wjfz200803037'),(1838,'左开中','三值光学计算机解码器的理论、技术和实现','《中国科学:信息科学》','2013','http://www.cqvip.com/QK/89854X/201302/44928784.html'),(1839,'左开中','面向人才培养的高校教工党支部工作创新模式研究','大学教育','2017','http://www.cnki.com.cn/Article/CJFDTotal-DXJY201708058.htm'),(1840,'左开中','基于Windows工具软件的操作系统实验设计','现代计算机(专业版)','2007','http://d.wanfangdata.com.cn/Periodical_xdjsj-xby200712038.aspx'),(1841,'左开中','基于校园网的网络辅助教学系统','科技广场','2006','http://www.cnki.com.cn/Article/CJFDTotal-KJIG200602026.htm'),(1842,'左开中','三值光计算机解码器的数据采集控制系统','计算机工程与设计','2009','http://www.cnki.com.cn/Article/CJFDTotal-SJSJ200917005.htm'),(1843,'左开中','三值光计算机百位量级解码器的设计','中国激光','2009','http://d.wanfangdata.com.cn/Periodical/zgjg200904010'),(1844,'左开中','三值光计算机的数值表示及其基本算法','计算机技术与发展','2007','http://www.cqvip.com/Main/Detail.aspx?id=25326628'),(1845,'左开中','吲哚俘精酸酐实现三值偏振全息光学存储器','光电工程','2008','http://d.wanfangdata.com.cn/Periodical/gdgc200807024'),(1846,'左开中','三值光学计算机解码器的信号判定系统设计','激光与红外','2013','http://d.wanfangdata.com.cn/Periodical/jgyhw201303015'),(1847,'汪小寒','树索引数据差分隐私预算分配方法','计算机应用','2018','http://www.cnki.com.cn/Article/CJFDTotal-JSJY201807025.htm'),(1848,'汪小寒','旅游信息服务组合的Petri网建模及其实现','安徽师范大学学报(自然科学版)','2011','http://www.cnki.com.cn/Article/CJFDTotal-AHSZ201104004.htm'),(1849,'汪小寒','软件工程专业《数据结构实践》课程教学探讨','电脑知识与技术','2016','http://www.cnki.com.cn/Article/CJFDTotal-DNZS201611032.htm'),(1850,'汪小寒','SPOC混合教学模式构建','电脑知识与技术','2017','http://www.cqvip.com/QK/87339A/201709/673430677.html'),(1851,'汪小寒','基于PowerBuilder的运费编辑器的设计与实现','计算机技术与发展','2006','http://www.cqvip.com/Main/Detail.aspx?id=21519474'),(1852,'汪小寒','基于商空间的气象时间序列数据挖掘研究','计算机工程与应用','2007','http://www.cnki.com.cn/Article/CJFDTotal-JSGG200701059.htm'),(1853,'汪小寒','商空间粒度计算理论在时间序列预测中的应用','安徽大学','2007','http://cdmd.cnki.com.cn/Article/CDMD-10357-2007193012.htm'),(1854,'汪小寒','基于SPOC的程序设计课程计算思维培养','电脑知识与技术','2014','http://www.ixueshu.com/api/search/info/1662074a158b7fce8333bcd0220004c1318947a18e7f9386.html'),(1855,'汪小寒','基于KD树最优投影划分的k匿名算法','南京大学学报（自然科学）','2016','http://www.cnki.com.cn/Article/CJFDTotal-NJDZ201606008.htm'),(1856,'汪小寒','基于核覆盖算法的煤价预测','计算机技术与发展','2006','http://d.wanfangdata.com.cn/Periodical/wjfz200612027'),(1857,'汪小寒','燃料管理与智能分析网络系统设计与实现','合肥师范学院学报','2006','http://www.cnki.com.cn/Article/CJFDTotal-AFJY200603012.htm'),(1858,'汪小寒','基于分层递阶粒度聚类法的空气质量评价','计算机应用研究','2013','http://www.cnki.com.cn/Article/CJFDTotal-JSYJ201301050.htm'),(1859,'汪小寒','粗糙集理论及其应用','宿州教育学院学报','2006','http://www.cqvip.com/Main/Detail.aspx?id=22157156'),(1860,'汪小寒','非计算机专业数据库课程教学方法探讨','电脑知识与技术','2012','http://www.cnki.com.cn/Article/CJFDTotal-DNZS201225038.htm'),(1861,'孙丽萍','基于差分隐私保护的谱聚类算法','计算机应用','2018','http://www.cnki.com.cn/Article/CJFDTotal-JSJY201810030.htm'),(1862,'孙丽萍','创新应用型计算机科学与技术本科专业人才培养的探索与实践','大学教育','2017','http://www.cqvip.com/QK/71597X/201703/672157652.html'),(1863,'孙丽萍','基于NES的大学计算机基础教学研究探讨','电脑知识与技术','2017','http://www.cnki.com.cn/Article/CJFDTotal-DNZS201720066.htm'),(1864,'孙丽萍','翻转课堂在数据结构教学中的应用研究','计算机教育','2015','http://d.wanfangdata.com.cn/Periodical_jsjjy201524018.aspx'),(1865,'孙丽萍','一种新型的基于BC图的网络安全算法','微计算机信息','2010','http://d.wanfangdata.com.cn/Periodical/wjsjxx201024028'),(1866,'孙丽萍','计算机基础课程模块化教学的讨论','科技信息','2009','http://www.cqvip.com/QK/88688X/200902/29495666.html'),(1867,'孙丽萍','一种基于超立方体多处理机系统的快速诊断算法','计算机技术与发展','2008','http://www.cqvip.com/Main/Detail.aspx?id=27889341'),(1868,'孙丽萍','区块链技术在医药行业的应用及问题与对策','医学信息学杂志','2018','http://www.cnki.com.cn/Article/CJFDTotal-YXQB201802004.htm'),(1869,'孙丽萍','古典诗学的现代阐释','《安徽师范大学》','2004','http://d.wanfangdata.com.cn/Thesis/D513390'),(1870,'孙丽萍','一种基于声誉的评分累积信任模型','计算机工程与应用','2012','http://d.wanfangdata.com.cn/Periodical/jsjgcyyy201227015'),(1871,'孙丽萍','Delaunay三角网中任意约束线段嵌入算法研究','测绘科学','2013','http://www.cnki.com.cn/Article/CJFDTotal-CHKD201304021.htm'),(1872,'孙丽萍','针对t-可诊断多处理器系统的遗传诊断算法','计算机工程','2011','http://www.cqvip.com/QK/71135X/201107/38307294.html'),(1873,'孙丽萍','超立方体多计算机系统的一个高效故障诊断算法','微电子学与计算机','2008','http://d.wanfangdata.com.cn/Periodical_wdzxyjsj200811046.aspx'),(1874,'孙丽萍','任意多边形窗口的圆裁剪算法','计算机技术与发展','2009','http://d.wanfangdata.com.cn/Periodical/wjfz200905066'),(1875,'孙丽萍','一种基于局部扭曲立方体多计算机网络的顺序诊断算法','贵州师范大学学报(自然科学版)','2008','http://d.wanfangdata.com.cn/Periodical/gzsfdxxb-zr200802018'),(1876,'孙丽萍','基于神经网络求解三值模型下的故障诊断问题','计算机技术与发展','2008','http://www.cnki.com.cn/Article/CJFDTotal-WJFZ200804006.htm'),(1877,'孙丽萍','一种高效的基于局部扭曲立方体的悲观诊断算法','微电子学与计算机','2007','http://d.wanfangdata.com.cn/Periodical/wdzxyjsj200710051'),(1878,'孙丽萍','计算机控制结构试验系统软件研制──一台计算机控制多个独立的加载试验','测控技术','1994','http://www.cqvip.com/Main/Detail.aspx?id=1299215'),(1879,'孙丽萍','孔子与柏拉图文艺思想再比较','哈尔滨学院学报','2002','http://www.cnki.com.cn/Article/CJFDTotal-HEBS200211019.htm'),(1880,'孙丽萍','用带非线性自反馈的神经网络求解最大团问题','重庆大学学报','2007','http://www.cnki.com.cn/Article/CJFDTotal-FIVE200709016.htm'),(1881,'孙丽萍','论晚明传记文的世俗化倾向','哈尔滨学院学报','2003','http://www.cnki.com.cn/Article/CJFDTotal-HEBS200309017.htm'),(1882,'孙丽萍','一种具有检测机制的P2P网络动态信任模型','计算机工程与应用','2016','http://www.cnki.com.cn/Article/CJFDTotal-JSGG201602027.htm'),(1883,'孙丽萍','一种高效的基于局部扭曲立方体的悲观诊断算法','全国开放式分布与并行计算学术年会','2007','http://d.wanfangdata.com.cn/Conference/6570389'),(1884,'孙丽萍','略论李清照词的绘画美','中州学刊','2003','http://www.cqvip.com/QK/97000X/200304/8329771.html'),(1885,'孙丽萍','孔子与柏拉图美育思想比较','《沈阳师范大学学报：社会科学版》','2004','http://d.wanfangdata.com.cn/Periodical/sysfdxxb-skb200401008'),(1886,'孙丽萍','论诗歌对唐传奇创作的影响','《宁夏大学学报：人文社会科学版》','2003','http://www.cqvip.com/qk/91329X/200306/8938558.html'),(1887,'孙丽萍','中西会通:刘若愚诗学研究之四种重要诗观的提出','大众文艺','2019','http://www.cnki.com.cn/Article/CJFDTotal-DZLU201904026.htm'),(1888,'孙丽萍','从“存天理,灭人欲”到“天理就是人欲”','太原理工大学学报（社会科学版）','2003','http://www.cnki.com.cn/Article/CJFDTotal-TYLS200302013.htm'),(1889,'孙丽萍','《C程序设计》课程交互式作业管理平台设计与实现','《电脑知识与技术》','2019','http://www.cnki.com.cn/Article/CJFDTotal-DNZS201908015.htm'),(1890,'方群','基于贝叶斯概率树的机会社会网络转发节点选择方法','安徽师范大学学报(自然科学版)','2018','http://www.cnki.com.cn/Article/CJFDTotal-AHSZ201802007.htm'),(1891,'方群','P2P网络可用性关键技术研究进展','计算机科学','2008','http://d.wanfangdata.com.cn/Periodical/jsjkx200809009'),(1892,'方群','SOA的QoS研究综述','计算机科学','2009','http://d.wanfangdata.com.cn/Periodical/jsjkx200904004'),(1893,'方群','基于内存数据库的OPC监测系统的设计与实现','计算机技术与发展','2013','http://www.cnki.com.cn/Article/CJFDTotal-WJFZ201307063.htm'),(1894,'方群','一种基于行程编码的P2P网络动态信任模型','软件学报','2009','http://d.wanfangdata.com.cn/Periodical/rjxb200906017'),(1895,'方群','一种基于概率统计方法的P2P系统信任评价模型','计算机研究与发展','2008','http://d.wanfangdata.com.cn/Periodical/jsjyjyfz200803004'),(1896,'方群','PGA:一种基于最优路径的Ad Hoc网络地理路由算法','计算机科学','2008','http://d.wanfangdata.com.cn/Periodical_jsjkx200802005.aspx'),(1897,'方群','基于服务感知的可信QoS评价模型','信息安全研究','2018','http://www.wanfangdata.com.cn/details/detail.do?_type=perio&amp;id=xxaqyj201804004'),(1898,'方群','浙江富阳环山乡二次金属回收冶金污染区植物多样性及土壤重金属对植被影响的研究','《安徽师范大学》','2007','http://cdmd.cnki.com.cn/article/cdmd-10370-2007215333.htm'),(1899,'方群','用Dephi 3.0创建数据库应用程序','计算机时代','1998','http://www.cqvip.com/Main/Detail.aspx?id=3301766'),(1900,'方群','数据挖掘中神经网络技术的应用探讨','滁州学院学报','2006','http://d.wanfangdata.com.cn/Periodical/czszxy200603007'),(1901,'方群','基于上下文和角色的云计算访问控制模型','计算机应用','2015','http://d.wanfangdata.com.cn/Periodical/jsjyy201502021'),(1902,'方群','一种基于P2P的新型网络学习模型','安徽职业技术学院学报','2006','http://www.cnki.com.cn/Article/CJFDTotal-AHFJ200601003.htm'),(1903,'方群','一种基于Modbus通信协议的数据采集系统','中国电子商务','2012','http://d.wanfangdata.com.cn/Periodical/zgdzsw201202076'),(1904,'方群','一种媒体点播系统资源对等搜索模型','计算机技术与发展','2006','http://www.cqvip.com/qk/97969A/200607/22257636.html'),(1905,'方群','基于RTSP/RTP的媒体点播服务器的设计与实现','计算机工程与设计','2006','http://www.cnki.com.cn/Article/CJFDTotal-SJSJ200601001.htm'),(1906,'方群','基于能量敏感的无线传感器网络信任度计算模型','软件','2012','http://www.cnki.com.cn/Article/CJFDTotal-RJZZ201204027.htm'),(1907,'方群','基于JXTA的P2P应用程序开发方法','电脑知识与技术','2006','http://www.cnki.com.cn/Article/CJFDTotal-DNZS200620033.htm'),(1908,'方群','电脑之路在何方?:对计算机可持续发展的思考','《电脑》','1996','http://www.cqvip.com/qk/96102X/199612/2242718.html'),(1909,'方群','P2P网络信任数据存储机制综述','计算机科学','2008','http://www.cqvip.com/Main/Detail.aspx?id=28700245'),(1910,'方群','基于Net平台的计算机自动评阅系统的研究与实现','计算机教育','2010','http://www.cqvip.com/qk/87565X/201014/34658669.html'),(1911,'方群','P2P网络信誉机制研究综述','计算机科学','2009','http://d.wanfangdata.com.cn/Periodical/jsjkx200906006'),(1912,'方群','P2P文件污染的Markov生灭模型','《东南大学学报：自然科学版》','2008','http://d.wanfangdata.com.cn/Periodical/dndxxb200804010'),(1913,'方群','P2P网络节点随机行为对文件规模的影响','东南大学学报（自然科学版）','2007','http://www.cnki.com.cn/Article/CJFDTotal-DNDX200705008.htm'),(1914,'方群','基于二阶声誉测度的自组织网络合作激励机制','东南大学学报(自然科学版)','2008','http://www.cnki.com.cn/Article/CJFDTotal-DNDX200806005.htm'),(1915,'方群','大学计算机基础实践教学探讨','电脑知识与技术','2010','http://www.cqvip.com/QK/98164B/201030/668789083201030066.html'),(1916,'方群','等距随机抽样算法在电脑派位中的应用','安徽师范大学学报(自然科学版)','2002','http://d.wanfangdata.com.cn/Periodical/ahsfdx200203004'),(1917,'方群','基于特征串匹配的X射线荧光光谱仪数据采集','计算机工程','2012','http://www.cqvip.com/QK/95200X/201202/40811473.html'),(1918,'方群','基于P2P的网络教育资源预约机制研究','《安徽师范大学学报(自然科学版)》','2010','http://d.wanfangdata.com.cn/Periodical/ahsfdx201005006'),(1919,'方群','P2P文件污染随机模型','小型微型计算机系统','2009','http://www.cqvip.com/Main/Detail.aspx?id=31680218'),(1920,'方群','UAN及其在用户接口设计中的应用','安徽师范大学学报(自然科学版)','1998','http://www.cnki.com.cn/Article/CJFDTotal-AHSZ804.013.htm'),(1921,'方群','面向OPC监控平台的Modbus/TCP协议网关研究','计算机技术与发展','2013','http://www.cqvip.com/QK/97969X/201308/46665117.html'),(1922,'陈付龙','创新应用型计算机科学与技术本科专业人才培养的探索与实践','大学教育','2017','http://www.cnki.com.cn/Article/CJFDTOTAL-DXJY201703059.htm'),(1923,'陈付龙','云计算环境下基于行为预测的博弈信任模型','小型微型计算机系统','2015','http://www.cqvip.com/QK/95659X/201510/666161757.html'),(1924,'陈付龙','量子萤火虫算法及在无等待流水调度上的应用','信息与控制','2016','http://www.cqvip.com/QK/93243X/201602/668709738.html'),(1925,'陈付龙','求解多目标PFSP的改进遗传算法','计算机工程与应用','2015','http://www.cnki.com.cn/Article/CJFDTotal-JSGG201511052.htm'),(1926,'陈付龙','群智感知中基于k-匿名的位置及数据隐私保护方法研究','通信学报','2018','http://www.cqvip.com/QK/95624X/2018A01/7000910961.html'),(1927,'陈付龙','矢量基二维DCT修剪在DSP上的内存存取减少方法','电子学报','2019','http://www.cnki.com.cn/Article/CJFDTotal-DZXU201903034.htm'),(1928,'陈付龙','支持局部抑制和序列重构的轨迹隐私保护方法','小型微型计算机系统','2017','http://www.cqvip.com/QK/95659X/201703/671324639.html'),(1929,'陈付龙','矢量基二维DCT在DSP上的内存存取减少方法','小型微型计算机系统','2019','http://www.cqvip.com/QK/95659X/20194/7001835158.html'),(1930,'陈付龙','“互联网+”时代计算机学科大学生专业实践能力培养路径研究','软件工程','2017','http://d.wanfangdata.com.cn/Periodical/rjgcs201707010'),(1931,'陈付龙','学生情感分析在课程教学评价中的作用与实施探讨','电脑知识与技术','2019','http://www.cnki.com.cn/Article/CJFDTotal-DNZS201904077.htm'),(1932,'陈付龙','基于灰色预测的微博网络信息传播模型','安徽师范大学学报(自然科学版)','2014','http://d.wanfangdata.com.cn/Periodical/ahsfdx201402006'),(1933,'陈付龙','基于Web2.0的大型电大远程教学平台设计','长沙大学学报','2011','http://www.cqvip.com/QK/90254X/201105/39463417.html'),(1934,'陈付龙','多媒体在物理实验教学中的应用','福建电脑','2012','http://d.wanfangdata.com.cn/Periodical/fjdn201203022'),(1935,'陈付龙','Gcc(g++)编译环境下C(C++)和汇编的接口分析','许昌学院学报','2004','http://d.wanfangdata.com.cn/Periodical/xcxyxb200402024'),(1936,'陈付龙','基于最小生成树的动态通道布线算法','中北大学学报（自然科学版）','2008','http://www.cnki.com.cn/Article/CJFDTotal-HBGG200802008.htm'),(1937,'陈付龙','实时分布式系统中的时间同步','《中北大学学报：自然科学版》','2007','http://d.wanfangdata.com.cn/Periodical/hbgxyxb200705008'),(1938,'陈付龙','多阶段编程定制数字电路','电路与系统学报','2010','http://www.cnki.com.cn/Article/CJFDTotal-DLYX201002016.htm'),(1939,'陈付龙','基于LAN的并行处理','《西华师范大学学报（自然科学版）》','2003','http://www.cnki.com.cn/Article/CJFDTotal-IGNE200301017.htm'),(1940,'陈付龙','基于LAN的并行计算环境','网络新媒体技术','2004','http://www.cqvip.com/QK/95684X/200402/9331064.html'),(1941,'陈付龙','四维一体计算机硬件实验教学改革与实践','计算机教育','2013','http://www.cqvip.com/QK/87565X/201303/44781467.html'),(1942,'陈付龙','创新能力驱动的层次化计算机硬件课程群构建与实施','大学教育','2013','http://www.cnki.com.cn/Article/CJFDTotal-DXJY201304016.htm'),(1943,'陈付龙','基于可信理论的Web教育门户网站可用性评估模型','微电子学与计算机','2013','http://d.wanfangdata.com.cn/Periodical/wdzxyjsj201303022'),(1944,'陈付龙','基于非敏感信息分析的轨迹数据隐私保护发布','计算机应用','2017','http://www.cnki.com.cn/Article/CJFDTOTAL-JSJY201702033.htm'),(1945,'陈付龙','字节信息流并行CRC-32校验码电路设计与实现','安徽师范大学学报（自然科学版）','2016','http://d.wanfangdata.com.cn/Periodical/ahsfdx201603002'),(1946,'陈付龙','基于NES的大学计算机基础教学研究探讨','电脑知识与技术','2017','http://d.wanfangdata.com.cn/Periodical/dnzsyjs-itrzyksb201720065'),(1947,'陈付龙','有限域上模逆电路的可逆逻辑设计','计算机科学与探索','2015','http://d.wanfangdata.com.cn/Periodical_zwjl201748263.aspx'),(1948,'陈付龙','一种基于FSA的网络安全评估模型','微电子学与计算机','2013','http://www.cqvip.com/QK/92040X/201309/46939414.html'),(1949,'陈付龙','面向智慧课堂的过程评价教学模式探究','电脑知识与技术','2018','http://www.cqvip.com/QK/87339A/201810/676718067.html'),(1950,'陈付龙','基于多媒体教育资源融合的高校信息化教学模式研究','大学教育','2015','http://d.wanfangdata.com.cn/Periodical/dxjy201503022'),(1951,'陈付龙','安徽农业物联网发展现状·问题及对策','安徽农业科学','2015','http://www.cqvip.com/QK/90168X/201505/663641704.html'),(1952,'陈付龙','基于两层社区混合计算的个性化推荐方法','计算机科学','2016','http://www.cqvip.com/QK/92817X/2016S1/6748374652016S1106.html'),(1953,'陈付龙','基于模糊集和RSS的Web教育资源Rank算法','计算机技术与发展','2013','http://d.wanfangdata.com.cn/Periodical_wjfz201302034.aspx'),(1954,'陈付龙','物联网实验教学仪器和设备产业发展研究','中国教育技术装备','2015','http://www.cqvip.com/QK/82134A/201510/665139924.html'),(1955,'陈付龙','基于ARM7TDMI的嵌入式系统BootLoader的设计与实现','徐州工程学院学报（自然科学版）','2011','http://www.cqvip.com/QK/85353B/201103/39681328.html'),(1956,'陈付龙','大数据环境下基于贝叶斯推理的中文地名地址匹配方法','计算机科学','2017','http://www.cnki.com.cn/Article/CJFDTOTAL-JSJA201709050.htm'),(1957,'陈付龙','基于Flash技术的中学物理虚拟实验平台设计','福建电脑','2014','http://d.wanfangdata.com.cn/Periodical/fjdn201407012'),(1958,'陈付龙','一种具有检测机制的P2P网络动态信任模型','计算机工程与应用','2016','http://d.wanfangdata.com.cn/Periodical/jsjgcyyy201602026'),(1959,'陈付龙','基于不同坐标系的点球关系安全判定协议','计算机应用研究','2015','http://d.wanfangdata.com.cn/Periodical/jsjyyyj201507058'),(1960,'陈付龙','传感器网络中基于路线的隐私保护数据聚集算法','电子学报','2017','http://d.wanfangdata.com.cn/Periodical/dianzixb201706008'),(1961,'陈付龙','一种保护私有信息的空间离群点检测方法','计算机工程','2017','http://www.cqvip.com/QK/95200X/201703/671558402.html'),(1962,'陈付龙','基于Flash技术的中学化学虚拟实验平台设计','福建电脑','2014','http://d.wanfangdata.com.cn/Periodical/fjdn201404014'),(1963,'陈付龙','基于Flash技术的中学生物虚拟实验平台设计','江苏第二师范学院学报','2015','http://www.cnki.com.cn/Article/CJFDTotal-JSJB201503017.htm'),(1964,'陈付龙','移动RFID自适应多叉树防碰撞算法','山西大同大学学报（自然科学版)','2016','http://www.cnki.com.cn/Article/CJFDTotal-YBSF201602021.htm'),(1965,'陈付龙','基于博弈论的网络社区舆情传播模型','计算机应用研究','2013','http://d.wanfangdata.com.cn/Periodical/jsjyyyj201308060'),(1966,'陈付龙','物联网专业实践课程建设探讨','电脑知识与技术','2012','http://www.cqvip.com/QK/87339A/20124X/68789083504849504950485752.html'),(1967,'陈付龙','新颖的阻塞流水车间调度量子差分进化算法','计算机应用','2015','http://d.wanfangdata.com.cn/Periodical_jsjyy201503014.aspx'),(1968,'陈付龙','面向高师院校物联网工程专业的实验教学策略研究','大学教育','2014','http://www.cnki.com.cn/Article/CJFDTotal-DXJY201414059.htm'),(1969,'陈付龙','物联网专业网络课程实验教学研究与实践','杭州电子科技大学学报','2015','http://d.wanfangdata.com.cn/Periodical/hzdzgyxyxb201502021'),(1970,'陈付龙','融合信道分配的无线Mesh网络多目标网关部署','计算机研究与发展','2015','http://d.wanfangdata.com.cn/Periodical/jsjyjyfz201508016'),(1971,'陈付龙','基于博弈论的物联网语义社区演化模型','计算机工程与科学','2012','http://www.cnki.com.cn/Article/CJFDTotal-JSJK201209029.htm'),(1972,'陈付龙','基于Agent群体对抗的移动传感网动态频谱分配策略','小型微型计算机系统','2015','http://d.wanfangdata.com.cn/Periodical/xxwxjsjxt201505003'),(1973,'陈付龙','一种容错可逆的通用移位寄存器设计','量子电子学报','2015','http://www.cnki.com.cn/Article/CJFDTotal-LDXU201505014.htm'),(1974,'陈付龙','基于Multi-agent理论的社会网络文体分类方法','计算机系统应用','2014','http://d.wanfangdata.com.cn/Periodical/jsjxtyy201411022'),(1975,'陈付龙','嵌入式系统建模理论与方法','计算机工程与应用','2009','http://www.cnki.com.cn/Article/CJFDTotal-JSGG200913004.htm'),(1976,'陈付龙','基于移动agent的云计算身份认证机制研究','计算机应用研究','2012','http://www.cnki.com.cn/Article/CJFDTotal-JSYJ201210054.htm'),(1977,'陈付龙','高等院校计算机基础课程教学改革的思考','福建电脑','2011','http://www.cnki.com.cn/Article/CJFDTotal-FJDN201109015.htm'),(1978,'陈付龙','基于灰色神经网络的Web社区主题舆情传播模型','计算机系统应用','2013','http://d.wanfangdata.com.cn/Periodical/jsjxtyy201311023'),(1979,'陈付龙','基于语义主题相似度的Web教育资源查询方法','计算机技术与发展','2014','http://d.wanfangdata.com.cn/Periodical/wjfz201402026'),(1980,'陈付龙','基于Agent的Web教育资源预选择分层模型','计算机工程','2013','http://www.cqvip.com/QK/95200X/201309/47142856.html'),(1981,'陈付龙','二元数值积分的计算方法','计算机工程与应用','2007','http://d.wanfangdata.com.cn/Periodical/jsjgcyyy200719011'),(1982,'陈付龙','采用动态数据库连接技术实现数据库的分布式应用','电脑开发与应用','2004','http://www.cnki.com.cn/Article/CJFDTotal-DNKF200402009.htm'),(1983,'陈付龙','通用数据库集群服务器','计算机应用与软件','2005','http://d.wanfangdata.com.cn/Periodical/jsjyyyrj200512016'),(1984,'陈付龙','利用排队论分析嵌入式多任务系统的性能','计算机工程与应用','2006','http://www.cqvip.com/Main/Detail.aspx?id=23564831'),(1985,'陈付龙','通用数据库集群服务器系统','计算机工程与科学','2005','http://www.cnki.com.cn/Article/CJFDTotal-JSJK200512015.htm'),(1986,'陈付龙','基于物联网的银行人流量监测系统','办公自动化','2017','http://d.wanfangdata.com.cn/Periodical/bgzdh-bgsbygc201722011'),(1987,'陈付龙','通信理论与技术实验模式改革研究与探索','实验技术与管理','2018','http://www.cnki.com.cn/Article/CJFDTotal-SYJL201801046.htm'),(1988,'陈付龙','一种逻辑优化的增强Quine-McCluskey算法','福建电脑','2010','http://d.wanfangdata.com.cn/Periodical/fjdn201011003'),(1989,'陈付龙','函数式程序设计语言的教学研究与探讨','福建电脑','2010','http://d.wanfangdata.com.cn/Periodical/fjdn201006016'),(1990,'陈付龙','增强型Quine-McCluskey算法及其实验','武汉工程大学学报','2011','http://www.cqvip.com/Main/Detail.aspx?id=36449052'),(1991,'陈付龙','基于UNIX多线程的数据处理模型的研究与应用','合肥学院学报(综合版)','2005','http://www.cnki.com.cn/Article/CJFDTotal-HFXZ20050100G.htm'),(1992,'陈付龙','定位感知系统综述','计算机应用研究','2007','http://d.wanfangdata.com.cn/Periodical/jsjyyyj200704004'),(1993,'陈付龙','在Linux下构造并行计算平台及开发并行程序','合肥学院学报(综合版)','2006','http://www.cqvip.com/Main/Detail.aspx?id=22841317'),(1994,'陈付龙','gcc/g++下C/C++和汇编的接口','云南民族大学学报(自然科学版)','2004','http://www.cnki.com.cn/Article/CJFDTotal-YNMZ200403020.htm'),(1995,'陈付龙','流程可重构文件审批系统的设计与实现','长江大学学报（自科版）','2013','http://www.cnki.com.cn/Article/CJFDTotal-CJDL201319010.htm'),(2048,'李汪根','集约简算法和改进:遗传算法混合求解集合覆盖问题','池州学院学报','2017','http://www.cqvip.com/QK/85088A/201706/674640221.html'),(2049,'李汪根','一种DNA计算机与电子计算机之间的通信模型','计算机科学','2008','http://d.wanfangdata.com.cn/Periodical/jsjkx200802048'),(2050,'李汪根','基于特征串匹配的X射线荧光光谱仪数据采集','计算机工程','2012','http://www.cqvip.com/QK/95200X/201202/40811473.html'),(2051,'李汪根',')NA计算机中广义表数据结构的设计与实现','计算机学报','2008','http://d.wanfangdata.com.cn/Periodical/jsjxb200812020'),(2052,'李汪根','基于动态权重和模糊综合评判法的健康评估模型','计算机系统应用','2017','http://www.cnki.com.cn/Article/CJFDTotal-XTYY201701007.htm'),(2053,'李汪根','一种可自治下推自动机的DNA模型','《上海大学学报（自然科学版）》','2004','http://d.wanfangdata.com.cn/Periodical/shdxxb2004z1024'),(2054,'李汪根','一个基于分治法的快速多精度乘法','吉林化工学院学报','2003','http://d.wanfangdata.com.cn/Periodical/jlhgxyxb200302026'),(2055,'李汪根','圆弧标准型有理三次Bézier表示的内在性质研究','中国图象图形学报','2011','http://www.cnki.com.cn/Article/CJFDTotal-ZGTB201112013.htm'),(2056,'李汪根','基于生物芯片的DNA计算:模型、算法及应用','科学出版社','2011','http://bookask.com/book/1121659.html'),(2057,'李汪根','DNA计算及其在医学领域中的应用','冶金工业出版社','2012','http://bookask.com/book/895054.html'),(2058,'李汪根','DNA计算机中队列数据结构的设计及实现','网友世界·云教育','2014','http://www.cqvip.com/QK/86267X/201423/663481281.html'),(2059,'李汪根','DNA计算机中队列数据结构的设计及实现','科协论坛(下半月)','2011','http://www.cnki.com.cn/Article/CJFDTotal-KXLT201105035.htm'),(2060,'李汪根','基于小种群策略的并行遗传算法研究','软件导刊','2013','http://d.wanfangdata.com.cn/Periodical/rjdk201302013'),(2061,'李汪根','多线程机制下位排序算法的讨论','芜湖职业技术学院学报','2003','http://www.cqvip.com/QK/82039X/200302/15997249.html'),(2062,'李汪根','基于环状矩形分块主色调图像检索','安庆师范大学学报(自然科学版)','2011','http://d.wanfangdata.com.cn/Periodical_aqsfxyxb-zrkx201103015.aspx'),(2063,'李汪根','一种基于Modbus通信协议的数据采集系统','中国电子商务','2012','http://d.wanfangdata.com.cn/Periodical/zgdzsw201202076'),(2064,'李汪根','随机算法在安徽省高考招生系统中的应用','微电子学与计算机','2004','http://d.wanfangdata.com.cn/Periodical/wdzxyjsj200401015'),(2065,'李汪根','遗传神经网络特征提取及在分类中的应用','系统仿真学报','2011','http://www.cnki.com.cn/Article/CJFDTotal-XTFZ201110015.htm'),(2066,'李汪根','支持向量机在个人信用评估中的应用','计算机技术与发展','2011','http://d.wanfangdata.com.cn/Periodical/wjfz201103054'),(2067,'李汪根','三次Bezier曲线的一种双参数扩展及应用','计算机工程与应用','2010','http://www.cnki.com.cn/Article/CJFDTotal-JSGG201031049.htm'),(2068,'李汪根','基于图像处理的微流控芯片智能定位系统','计算机工程','2007','http://d.wanfangdata.com.cn/Periodical_jsjgc200724090.aspx'),(2069,'李汪根','基于生物芯片的背包问题DNA算法','计算机科学','2008','http://d.wanfangdata.com.cn/Periodical_jsjkx200806067.aspx'),(2070,'李汪根','基于DNA自动机的串行二进制进位加法的实现','计算机科学','2006','http://www.cnki.com.cn/Article/CJFDTotal-JSJA200607045.htm'),(2071,'李汪根','DNA计算机中队列数据结构的设计及实现','计算机学报','2007','http://www.cnki.com.cn/Article/CJFDTotal-JSJX200706013.htm'),(2072,'李汪根','蛋白质二级结构预测的一种新的编码方式','计算机工程与应用','2011','http://d.wanfangdata.com.cn/Periodical/jsjgcyyy201118047'),(2073,'李汪根','椭圆抛物面/球面求交算法','计算机工程与应用','2011','http://www.cqvip.com/qk/91690x/201133/40130415.html');
/*!40000 ALTER TABLE `ahnuapp_teacher` ENABLE KEYS */;
UNLOCK TABLES;

--
-- Table structure for table `auth_group`
--

DROP TABLE IF EXISTS `auth_group`;
/*!40101 SET @saved_cs_client     = @@character_set_client */;
 SET character_set_client = utf8mb4 ;
CREATE TABLE `auth_group` (
  `id` int(11) NOT NULL AUTO_INCREMENT,
  `name` varchar(150) NOT NULL,
  PRIMARY KEY (`id`),
  UNIQUE KEY `name` (`name`)
) ENGINE=InnoDB DEFAULT CHARSET=utf8;
/*!40101 SET character_set_client = @saved_cs_client */;

--
-- Dumping data for table `auth_group`
--

LOCK TABLES `auth_group` WRITE;
/*!40000 ALTER TABLE `auth_group` DISABLE KEYS */;
/*!40000 ALTER TABLE `auth_group` ENABLE KEYS */;
UNLOCK TABLES;

--
-- Table structure for table `auth_group_permissions`
--

DROP TABLE IF EXISTS `auth_group_permissions`;
/*!40101 SET @saved_cs_client     = @@character_set_client */;
 SET character_set_client = utf8mb4 ;
CREATE TABLE `auth_group_permissions` (
  `id` int(11) NOT NULL AUTO_INCREMENT,
  `group_id` int(11) NOT NULL,
  `permission_id` int(11) NOT NULL,
  PRIMARY KEY (`id`),
  UNIQUE KEY `auth_group_permissions_group_id_permission_id_0cd325b0_uniq` (`group_id`,`permission_id`),
  KEY `auth_group_permissio_permission_id_84c5c92e_fk_auth_perm` (`permission_id`),
  CONSTRAINT `auth_group_permissio_permission_id_84c5c92e_fk_auth_perm` FOREIGN KEY (`permission_id`) REFERENCES `auth_permission` (`id`),
  CONSTRAINT `auth_group_permissions_group_id_b120cbf9_fk_auth_group_id` FOREIGN KEY (`group_id`) REFERENCES `auth_group` (`id`)
) ENGINE=InnoDB DEFAULT CHARSET=utf8;
/*!40101 SET character_set_client = @saved_cs_client */;

--
-- Dumping data for table `auth_group_permissions`
--

LOCK TABLES `auth_group_permissions` WRITE;
/*!40000 ALTER TABLE `auth_group_permissions` DISABLE KEYS */;
/*!40000 ALTER TABLE `auth_group_permissions` ENABLE KEYS */;
UNLOCK TABLES;

--
-- Table structure for table `auth_permission`
--

DROP TABLE IF EXISTS `auth_permission`;
/*!40101 SET @saved_cs_client     = @@character_set_client */;
 SET character_set_client = utf8mb4 ;
CREATE TABLE `auth_permission` (
  `id` int(11) NOT NULL AUTO_INCREMENT,
  `name` varchar(255) NOT NULL,
  `content_type_id` int(11) NOT NULL,
  `codename` varchar(100) NOT NULL,
  PRIMARY KEY (`id`),
  UNIQUE KEY `auth_permission_content_type_id_codename_01ab375a_uniq` (`content_type_id`,`codename`),
  CONSTRAINT `auth_permission_content_type_id_2f476e4b_fk_django_co` FOREIGN KEY (`content_type_id`) REFERENCES `django_content_type` (`id`)
) ENGINE=InnoDB AUTO_INCREMENT=29 DEFAULT CHARSET=utf8;
/*!40101 SET character_set_client = @saved_cs_client */;

--
-- Dumping data for table `auth_permission`
--

LOCK TABLES `auth_permission` WRITE;
/*!40000 ALTER TABLE `auth_permission` DISABLE KEYS */;
INSERT INTO `auth_permission` VALUES (1,'Can add log entry',1,'add_logentry'),(2,'Can change log entry',1,'change_logentry'),(3,'Can delete log entry',1,'delete_logentry'),(4,'Can view log entry',1,'view_logentry'),(5,'Can add permission',2,'add_permission'),(6,'Can change permission',2,'change_permission'),(7,'Can delete permission',2,'delete_permission'),(8,'Can view permission',2,'view_permission'),(9,'Can add group',3,'add_group'),(10,'Can change group',3,'change_group'),(11,'Can delete group',3,'delete_group'),(12,'Can view group',3,'view_group'),(13,'Can add content type',4,'add_contenttype'),(14,'Can change content type',4,'change_contenttype'),(15,'Can delete content type',4,'delete_contenttype'),(16,'Can view content type',4,'view_contenttype'),(17,'Can add session',5,'add_session'),(18,'Can change session',5,'change_session'),(19,'Can delete session',5,'delete_session'),(20,'Can view session',5,'view_session'),(21,'Can add user',6,'add_ruser'),(22,'Can change user',6,'change_ruser'),(23,'Can delete user',6,'delete_ruser'),(24,'Can view user',6,'view_ruser'),(25,'Can add teacher',7,'add_teacher'),(26,'Can change teacher',7,'change_teacher'),(27,'Can delete teacher',7,'delete_teacher'),(28,'Can view teacher',7,'view_teacher');
/*!40000 ALTER TABLE `auth_permission` ENABLE KEYS */;
UNLOCK TABLES;

--
-- Table structure for table `django_admin_log`
--

DROP TABLE IF EXISTS `django_admin_log`;
/*!40101 SET @saved_cs_client     = @@character_set_client */;
 SET character_set_client = utf8mb4 ;
CREATE TABLE `django_admin_log` (
  `id` int(11) NOT NULL AUTO_INCREMENT,
  `action_time` datetime(6) NOT NULL,
  `object_id` longtext,
  `object_repr` varchar(200) NOT NULL,
  `action_flag` smallint(5) unsigned NOT NULL,
  `change_message` longtext NOT NULL,
  `content_type_id` int(11) DEFAULT NULL,
  `user_id` int(11) NOT NULL,
  PRIMARY KEY (`id`),
  KEY `django_admin_log_content_type_id_c4bce8eb_fk_django_co` (`content_type_id`),
  KEY `django_admin_log_user_id_c564eba6_fk_ahnuapp_ruser_id` (`user_id`),
  CONSTRAINT `django_admin_log_content_type_id_c4bce8eb_fk_django_co` FOREIGN KEY (`content_type_id`) REFERENCES `django_content_type` (`id`),
  CONSTRAINT `django_admin_log_user_id_c564eba6_fk_ahnuapp_ruser_id` FOREIGN KEY (`user_id`) REFERENCES `ahnuapp_ruser` (`id`)
) ENGINE=InnoDB DEFAULT CHARSET=utf8;
/*!40101 SET character_set_client = @saved_cs_client */;

--
-- Dumping data for table `django_admin_log`
--

LOCK TABLES `django_admin_log` WRITE;
/*!40000 ALTER TABLE `django_admin_log` DISABLE KEYS */;
/*!40000 ALTER TABLE `django_admin_log` ENABLE KEYS */;
UNLOCK TABLES;

--
-- Table structure for table `django_content_type`
--

DROP TABLE IF EXISTS `django_content_type`;
/*!40101 SET @saved_cs_client     = @@character_set_client */;
 SET character_set_client = utf8mb4 ;
CREATE TABLE `django_content_type` (
  `id` int(11) NOT NULL AUTO_INCREMENT,
  `app_label` varchar(100) NOT NULL,
  `model` varchar(100) NOT NULL,
  PRIMARY KEY (`id`),
  UNIQUE KEY `django_content_type_app_label_model_76bd3d3b_uniq` (`app_label`,`model`)
) ENGINE=InnoDB AUTO_INCREMENT=8 DEFAULT CHARSET=utf8;
/*!40101 SET character_set_client = @saved_cs_client */;

--
-- Dumping data for table `django_content_type`
--

LOCK TABLES `django_content_type` WRITE;
/*!40000 ALTER TABLE `django_content_type` DISABLE KEYS */;
INSERT INTO `django_content_type` VALUES (1,'admin','logentry'),(6,'ahnuapp','ruser'),(7,'ahnuapp','teacher'),(3,'auth','group'),(2,'auth','permission'),(4,'contenttypes','contenttype'),(5,'sessions','session');
/*!40000 ALTER TABLE `django_content_type` ENABLE KEYS */;
UNLOCK TABLES;

--
-- Table structure for table `django_migrations`
--

DROP TABLE IF EXISTS `django_migrations`;
/*!40101 SET @saved_cs_client     = @@character_set_client */;
 SET character_set_client = utf8mb4 ;
CREATE TABLE `django_migrations` (
  `id` int(11) NOT NULL AUTO_INCREMENT,
  `app` varchar(255) NOT NULL,
  `name` varchar(255) NOT NULL,
  `applied` datetime(6) NOT NULL,
  PRIMARY KEY (`id`)
) ENGINE=InnoDB AUTO_INCREMENT=20 DEFAULT CHARSET=utf8;
/*!40101 SET character_set_client = @saved_cs_client */;

--
-- Dumping data for table `django_migrations`
--

LOCK TABLES `django_migrations` WRITE;
/*!40000 ALTER TABLE `django_migrations` DISABLE KEYS */;
INSERT INTO `django_migrations` VALUES (1,'contenttypes','0001_initial','2019-07-01 01:02:02.804759'),(2,'contenttypes','0002_remove_content_type_name','2019-07-01 01:02:04.114020'),(3,'auth','0001_initial','2019-07-01 01:02:05.273434'),(4,'auth','0002_alter_permission_name_max_length','2019-07-01 01:02:09.178011'),(5,'auth','0003_alter_user_email_max_length','2019-07-01 01:02:09.247944'),(6,'auth','0004_alter_user_username_opts','2019-07-01 01:02:09.337914'),(7,'auth','0005_alter_user_last_login_null','2019-07-01 01:02:09.417872'),(8,'auth','0006_require_contenttypes_0002','2019-07-01 01:02:09.497815'),(9,'auth','0007_alter_validators_add_error_messages','2019-07-01 01:02:09.597761'),(10,'auth','0008_alter_user_username_max_length','2019-07-01 01:02:09.787665'),(11,'auth','0009_alter_user_last_name_max_length','2019-07-01 01:02:09.877611'),(12,'auth','0010_alter_group_name_max_length','2019-07-01 01:02:10.787135'),(13,'auth','0011_update_proxy_permissions','2019-07-01 01:02:10.857083'),(14,'ahnuapp','0001_initial','2019-07-01 01:02:11.996445'),(15,'admin','0001_initial','2019-07-01 01:02:16.279705'),(16,'admin','0002_logentry_remove_auto_add','2019-07-01 01:02:17.968770'),(17,'admin','0003_logentry_add_action_flag_choices','2019-07-01 01:02:18.118724'),(18,'sessions','0001_initial','2019-07-01 01:02:18.518516'),(19,'ahnuapp','0002_teacher','2019-07-08 08:30:58.423204');
/*!40000 ALTER TABLE `django_migrations` ENABLE KEYS */;
UNLOCK TABLES;

--
-- Table structure for table `django_session`
--

DROP TABLE IF EXISTS `django_session`;
/*!40101 SET @saved_cs_client     = @@character_set_client */;
 SET character_set_client = utf8mb4 ;
CREATE TABLE `django_session` (
  `session_key` varchar(40) NOT NULL,
  `session_data` longtext NOT NULL,
  `expire_date` datetime(6) NOT NULL,
  PRIMARY KEY (`session_key`),
  KEY `django_session_expire_date_a5c62663` (`expire_date`)
) ENGINE=InnoDB DEFAULT CHARSET=utf8;
/*!40101 SET character_set_client = @saved_cs_client */;

--
-- Dumping data for table `django_session`
--

LOCK TABLES `django_session` WRITE;
/*!40000 ALTER TABLE `django_session` DISABLE KEYS */;
INSERT INTO `django_session` VALUES ('1u8o5jioz0xh8zjjibiotu7e8lcxu8mf','OTYzYzY3NDhhMTM0NTYzYmYyNjA1ZTA5ZTc4MDEyNjlkZTI4MWI1MDp7Il9hdXRoX3VzZXJfaWQiOiI0IiwiX2F1dGhfdXNlcl9iYWNrZW5kIjoiZGphbmdvLmNvbnRyaWIuYXV0aC5iYWNrZW5kcy5Nb2RlbEJhY2tlbmQiLCJfYXV0aF91c2VyX2hhc2giOiIwYzZhOWNmYTFiMWI1NWM3NmYzNmFhYTgwOGY0Y2M3ZmY3ZGIxYjFjIn0=','2019-07-17 09:44:24.528457'),('62hl7ha8d6tv1hnl7mwd1i1r5ldwce0l','OTYzYzY3NDhhMTM0NTYzYmYyNjA1ZTA5ZTc4MDEyNjlkZTI4MWI1MDp7Il9hdXRoX3VzZXJfaWQiOiI0IiwiX2F1dGhfdXNlcl9iYWNrZW5kIjoiZGphbmdvLmNvbnRyaWIuYXV0aC5iYWNrZW5kcy5Nb2RlbEJhY2tlbmQiLCJfYXV0aF91c2VyX2hhc2giOiIwYzZhOWNmYTFiMWI1NWM3NmYzNmFhYTgwOGY0Y2M3ZmY3ZGIxYjFjIn0=','2019-07-17 13:21:02.375736'),('91d85kejnsvf7sb86egac6din1dfutmt','OTYzYzY3NDhhMTM0NTYzYmYyNjA1ZTA5ZTc4MDEyNjlkZTI4MWI1MDp7Il9hdXRoX3VzZXJfaWQiOiI0IiwiX2F1dGhfdXNlcl9iYWNrZW5kIjoiZGphbmdvLmNvbnRyaWIuYXV0aC5iYWNrZW5kcy5Nb2RlbEJhY2tlbmQiLCJfYXV0aF91c2VyX2hhc2giOiIwYzZhOWNmYTFiMWI1NWM3NmYzNmFhYTgwOGY0Y2M3ZmY3ZGIxYjFjIn0=','2019-07-22 07:41:02.094959'),('cruayuz7roy85z4iugenhp79r0m9b8lj','OTYzYzY3NDhhMTM0NTYzYmYyNjA1ZTA5ZTc4MDEyNjlkZTI4MWI1MDp7Il9hdXRoX3VzZXJfaWQiOiI0IiwiX2F1dGhfdXNlcl9iYWNrZW5kIjoiZGphbmdvLmNvbnRyaWIuYXV0aC5iYWNrZW5kcy5Nb2RlbEJhY2tlbmQiLCJfYXV0aF91c2VyX2hhc2giOiIwYzZhOWNmYTFiMWI1NWM3NmYzNmFhYTgwOGY0Y2M3ZmY3ZGIxYjFjIn0=','2019-07-17 11:50:02.382131'),('f53u3gh2fobvfn4374n1ngd154k14ud4','OTYzYzY3NDhhMTM0NTYzYmYyNjA1ZTA5ZTc4MDEyNjlkZTI4MWI1MDp7Il9hdXRoX3VzZXJfaWQiOiI0IiwiX2F1dGhfdXNlcl9iYWNrZW5kIjoiZGphbmdvLmNvbnRyaWIuYXV0aC5iYWNrZW5kcy5Nb2RlbEJhY2tlbmQiLCJfYXV0aF91c2VyX2hhc2giOiIwYzZhOWNmYTFiMWI1NWM3NmYzNmFhYTgwOGY0Y2M3ZmY3ZGIxYjFjIn0=','2019-07-16 07:05:45.512688');
/*!40000 ALTER TABLE `django_session` ENABLE KEYS */;
UNLOCK TABLES;
/*!40103 SET TIME_ZONE=@OLD_TIME_ZONE */;

/*!40101 SET SQL_MODE=@OLD_SQL_MODE */;
/*!40014 SET FOREIGN_KEY_CHECKS=@OLD_FOREIGN_KEY_CHECKS */;
/*!40014 SET UNIQUE_CHECKS=@OLD_UNIQUE_CHECKS */;
/*!40101 SET CHARACTER_SET_CLIENT=@OLD_CHARACTER_SET_CLIENT */;
/*!40101 SET CHARACTER_SET_RESULTS=@OLD_CHARACTER_SET_RESULTS */;
/*!40101 SET COLLATION_CONNECTION=@OLD_COLLATION_CONNECTION */;
/*!40111 SET SQL_NOTES=@OLD_SQL_NOTES */;

-- Dump completed on 2019-07-11 17:41:28
